timestamp,temperature,humidity,combustible_gas,motion_detected,predicted_occupied,occupied_probability
2026-06-23 12:49:58,28.6049,32.5811,113.0,0.0,0,0.0
2026-06-23 12:49:59,28.5729,32.4773,113.0,0.0,0,0.02
2026-06-23 12:49:59,28.6049,32.6055,113.0,0.0,0,0.05
2026-06-23 12:49:59,28.6477,32.5383,113.0,0.0,0,0.04
2026-06-23 12:49:59,28.6156,32.5811,113.0,0.0,0,0.01
2026-06-23 12:49:59,28.6049,32.5933,113.0,0.0,0,0.0
2026-06-23 12:49:59,28.6156,32.5628,113.0,0.0,0,0.0
2026-06-23 12:49:59,28.637,32.5811,113.0,0.0,0,0.0
2026-06-23 12:49:59,28.5943,32.6482,113.0,0.0,0,0.01
2026-06-23 12:49:59,28.6156,32.5383,113.0,0.0,0,0.03
2026-06-23 12:49:59,28.5943,32.5505,110.0,0.0,0,0.0
2026-06-23 12:49:59,28.5943,32.5078,113.0,0.0,0,0.01
2026-06-23 12:50:08,28.6797,32.5689,110.0,0.0,0,0.11
2026-06-23 12:50:25,28.6583,32.4529,113.0,0.0,0,0.01
2026-06-23 12:50:38,28.6477,32.5383,113.0,0.0,0,0.01
2026-06-23 12:50:53,28.637,32.5628,113.0,0.0,0,0.0
2026-06-23 12:51:08,28.6583,32.4529,113.0,0.0,0,0.03
2026-06-23 12:51:23,28.6477,32.5811,113.0,0.0,0,0.05
2026-06-23 12:51:38,28.6477,32.636,113.0,0.0,0,0.01
2026-06-23 12:51:53,28.6583,32.5689,113.0,0.0,0,0.03
2026-06-23 12:52:08,28.6583,32.6116,113.0,0.0,0,0.0
2026-06-23 12:52:22,28.6477,32.697,113.0,0.0,0,0.01
2026-06-23 12:52:52,28.637,32.52,113.0,0.0,0,0.04
2026-06-23 12:53:07,28.637,32.5566,113.0,0.0,0,0.0
2026-06-23 12:53:23,28.637,32.5811,113.0,0.0,0,0.0
2026-06-23 12:53:37,28.6156,32.52,113.0,0.0,0,0.0
2026-06-23 12:53:55,28.637,32.5628,113.0,0.0,0,0.0
2026-06-23 12:55:23,28.6156,32.5078,113.0,0.0,0,0.0
2026-06-23 12:55:37,28.6156,32.4956,113.0,0.0,0,0.01
2026-06-23 12:55:52,28.5943,32.5078,110.0,0.0,0,0.0
2026-06-23 12:56:08,28.5622,32.4773,113.0,0.0,0,0.0
2026-06-23 12:56:24,28.5622,32.5444,113.0,0.0,0,0.01
2026-06-23 12:56:37,28.5943,32.5628,113.0,0.0,0,0.0
2026-06-23 12:56:52,28.5515,32.459,113.0,0.0,0,0.04
2026-06-23 12:57:07,28.5302,32.4712,113.0,0.0,0,0.0
2026-06-23 12:57:22,28.5302,32.4834,113.0,0.0,0,0.0
2026-06-23 12:57:40,28.5195,32.459,113.0,0.0,0,0.0
2026-06-23 12:57:53,28.5302,32.5139,110.0,0.0,0,0.0
2026-06-23 12:58:08,28.5302,32.5444,113.0,0.0,0,0.0
2026-06-23 12:58:23,28.5088,32.4712,110.0,0.0,0,0.01
2026-06-23 12:58:38,28.5302,32.5139,110.0,0.0,0,0.0
2026-06-23 12:58:53,28.5088,32.5566,110.0,0.0,0,0.01
2026-06-23 12:59:08,28.5088,32.5994,113.0,0.0,0,0.16
2026-06-23 12:59:24,28.4874,32.398,110.0,0.0,0,0.17
2026-06-23 12:59:39,28.4874,32.5994,113.0,0.0,1,0.8
2026-06-23 12:59:54,28.4768,32.4956,113.0,0.0,1,0.72
2026-06-23 13:00:09,28.4768,32.5566,113.0,0.0,1,0.98
2026-06-23 13:00:25,28.4554,32.5628,113.0,0.0,1,0.96
2026-06-23 13:00:40,28.4554,32.5078,110.0,0.0,1,0.99
2026-06-23 13:00:55,28.4661,32.6543,110.0,0.0,1,0.98
2026-06-23 13:01:11,28.4768,32.6116,110.0,0.0,1,0.98
2026-06-23 13:01:26,28.4874,32.4834,113.0,0.0,1,1.0
2026-06-23 13:01:41,28.4768,32.6116,113.0,0.0,1,1.0
2026-06-23 13:01:56,28.4554,32.5078,113.0,0.0,1,0.95
2026-06-23 13:02:15,28.4874,32.4712,110.0,0.0,1,0.97
2026-06-23 13:02:26,28.4874,32.5261,110.0,0.0,1,1.0
2026-06-23 13:02:41,28.4874,32.5017,113.0,0.0,1,1.0
2026-06-23 13:02:56,28.4661,32.5261,110.0,0.0,1,0.99
2026-06-23 13:03:12,28.4554,32.5078,113.0,0.0,1,1.0
2026-06-23 13:03:26,28.4661,32.5933,113.0,0.0,1,0.94
2026-06-23 13:03:42,28.4661,32.4956,113.0,0.0,1,0.99
2026-06-23 13:03:57,28.4661,32.4102,113.0,0.0,1,0.98
2026-06-23 13:04:12,28.434,32.4651,110.0,0.0,1,0.98
2026-06-23 13:04:27,28.434,32.5383,110.0,0.0,1,0.98
2026-06-23 13:04:42,28.4554,32.4773,110.0,0.0,1,0.98
2026-06-23 13:04:57,28.4127,32.3613,110.0,0.0,1,0.94
2026-06-23 13:05:12,28.4554,32.5078,110.0,0.0,1,0.97
2026-06-23 13:05:27,28.4234,32.5505,113.0,0.0,1,0.98
2026-06-23 13:05:43,28.4234,32.5628,113.0,0.0,1,1.0
2026-06-23 13:05:57,28.4234,32.5078,110.0,0.0,1,1.0
2026-06-23 13:06:13,28.4234,32.4895,113.0,0.0,1,1.0
2026-06-23 13:06:28,28.434,32.52,110.0,0.0,1,0.99
2026-06-23 13:06:44,28.434,32.5078,110.0,0.0,1,1.0
2026-06-23 13:06:59,28.4554,32.5933,113.0,0.0,1,0.96
2026-06-23 13:07:14,28.4768,32.5689,113.0,0.0,1,0.98
2026-06-23 13:07:29,28.4661,32.6848,113.0,0.0,1,1.0
2026-06-23 13:07:46,28.4661,32.6238,113.0,0.0,1,0.99
2026-06-23 13:08:00,28.4874,32.6238,113.0,0.0,1,0.98
2026-06-23 13:08:15,28.4661,32.5811,113.0,0.0,1,1.0
2026-06-23 13:08:32,28.4661,32.6543,110.0,0.0,1,0.98
2026-06-23 13:08:45,28.4661,32.4956,110.0,0.0,1,0.98
2026-06-23 13:09:16,28.5302,32.343,110.0,0.0,1,0.95
2026-06-23 13:09:31,28.5943,32.3186,110.0,0.0,1,0.95
2026-06-23 13:09:46,28.5943,32.4346,110.0,0.0,1,1.0
2026-06-23 13:10:02,28.6156,32.3369,110.0,0.0,1,0.96
2026-06-23 13:10:17,28.6156,32.3064,110.0,0.0,1,1.0
2026-06-23 13:10:32,28.6583,32.3674,113.0,0.0,1,0.95
2026-06-23 13:10:48,28.6477,32.4651,113.0,0.0,1,0.99
2026-06-23 13:11:03,28.6797,32.3369,110.0,0.0,1,0.99
2026-06-23 13:11:18,28.6797,32.5261,113.0,0.0,1,0.98
2026-06-23 13:11:33,28.6583,32.3796,113.0,0.0,1,0.99
2026-06-23 13:11:49,28.6156,32.4346,113.0,0.0,1,0.97
2026-06-23 13:12:04,28.6049,32.4346,110.0,0.0,1,0.99
2026-06-23 13:12:19,28.5729,32.5933,113.0,0.0,1,0.98
2026-06-23 13:12:34,28.5515,32.5139,113.0,0.0,1,0.97
2026-06-23 13:12:50,28.5302,32.5017,110.0,0.0,1,1.0
2026-06-23 13:13:04,28.5088,32.5689,113.0,0.0,1,0.98
2026-06-23 13:13:20,28.5195,32.4407,110.0,0.0,1,1.0
2026-06-23 13:13:35,28.5088,32.5444,113.0,0.0,1,0.99
2026-06-23 13:13:50,28.5195,32.5444,113.0,0.0,1,0.98
2026-06-23 13:14:05,28.5195,32.5872,110.0,0.0,1,1.0
2026-06-23 13:18:26,28.1136,32.9656,110.0,0.0,1,0.97
2026-06-23 13:18:41,28.1136,33.0205,113.0,0.0,1,0.97
2026-06-23 13:18:56,28.1136,32.9961,113.0,0.0,1,0.94
2026-06-23 13:19:11,28.1136,33.0388,113.0,1.0,0,0.02
2026-06-23 13:19:26,28.1243,33.1121,113.0,0.0,0,0.01
2026-06-23 13:19:41,28.1563,32.9534,113.0,0.0,0,0.0
2026-06-23 13:19:56,28.135,32.9839,113.0,0.0,0,0.02
2026-06-23 13:20:11,28.135,32.9107,113.0,0.0,0,0.0
2026-06-23 13:20:26,28.135,33.0266,110.0,0.0,0,0.03
2026-06-23 13:20:41,28.1777,33.1609,113.0,0.0,0,0.02
2026-06-23 13:20:56,28.167,32.9839,113.0,0.0,0,0.0
2026-06-23 13:21:11,28.1991,33.0571,113.0,0.0,0,0.0
2026-06-23 13:21:26,28.1991,32.9046,113.0,0.0,0,0.0
2026-06-23 13:21:42,28.1991,32.9595,110.0,0.0,0,0.0
2026-06-23 13:22:12,28.2418,32.8496,113.0,0.0,0,0.0
2026-06-23 13:22:27,28.2097,32.8008,113.0,0.0,0,0.01
2026-06-23 13:22:43,28.2204,32.8191,110.0,0.0,0,0.0
2026-06-23 13:22:58,28.2204,32.8191,113.0,0.0,0,0.0
2026-06-23 13:23:14,28.2418,32.9229,110.0,0.0,0,0.0
2026-06-23 13:23:28,28.2525,32.7764,113.0,0.0,0,0.0
2026-06-23 13:23:44,28.2204,32.8862,110.0,0.0,0,0.01
2026-06-23 13:23:59,28.2097,32.8313,113.0,0.0,0,0.0
2026-06-23 13:24:14,28.2204,32.8191,113.0,0.0,0,0.0
2026-06-23 13:24:29,28.2525,32.8618,113.0,0.0,0,0.0
2026-06-23 13:24:44,28.2418,32.8374,113.0,0.0,0,0.0
2026-06-23 13:24:59,28.2204,32.9046,113.0,0.0,0,0.0
2026-06-23 13:25:14,28.2097,32.9473,113.0,0.0,0,0.0
2026-06-23 13:25:29,28.2418,32.9046,113.0,0.0,0,0.0
2026-06-23 13:25:45,28.2418,32.7764,110.0,0.0,0,0.01
2026-06-23 13:26:00,28.2097,32.6604,113.0,0.0,0,0.01
2026-06-23 13:26:15,28.1991,32.8557,113.0,0.0,0,0.12
2026-06-23 13:26:30,28.2097,32.8862,113.0,0.0,0,0.0
2026-06-23 13:26:46,28.1991,32.8862,113.0,0.0,0,0.0
2026-06-23 13:27:01,28.1991,32.9168,110.0,0.0,0,0.0
2026-06-23 13:27:16,28.1991,32.8313,110.0,0.0,0,0.0
2026-06-23 13:27:31,28.1777,32.8313,113.0,0.0,0,0.0
2026-06-23 13:27:46,28.167,32.9412,113.0,0.0,0,0.0
2026-06-23 13:28:01,28.1777,32.874,110.0,0.0,0,0.0
2026-06-23 13:28:16,28.1563,32.7703,113.0,0.0,0,0.0
2026-06-23 13:28:32,28.1563,32.7398,110.0,0.0,0,0.0
2026-06-23 13:28:47,28.167,32.874,110.0,0.0,0,0.0
2026-06-23 13:29:02,28.1563,32.8252,113.0,0.0,0,0.0
2026-06-23 13:29:17,28.135,32.8801,110.0,0.0,0,0.01
2026-06-23 13:29:33,28.1243,32.7825,110.0,0.0,0,0.01
2026-06-23 13:29:48,28.1136,32.8923,113.0,0.0,0,0.0
2026-06-23 13:30:03,28.1243,32.9839,113.0,0.0,0,0.0
2026-06-23 13:30:18,28.1243,32.9961,113.0,0.0,0,0.0
2026-06-23 13:30:33,28.1243,33.0205,110.0,0.0,0,0.0
2026-06-23 13:30:49,28.135,33.0388,110.0,0.0,0,0.0
2026-06-23 13:31:04,28.1136,32.8496,113.0,0.0,0,0.01
2026-06-23 13:31:22,28.1243,33.0144,113.0,0.0,0,0.11
2026-06-23 13:31:35,28.1243,33.0144,113.0,0.0,0,0.0
2026-06-23 13:31:50,28.135,32.9839,110.0,0.0,0,0.01
2026-06-23 13:32:05,28.1136,33.051,113.0,0.0,0,0.01
2026-06-23 13:32:21,28.1136,32.9412,113.0,0.0,0,0.0
2026-06-23 13:32:36,28.0709,32.9656,110.0,0.0,0,0.0
2026-06-23 13:32:50,28.1136,32.9961,113.0,0.0,0,0.0
2026-06-23 13:33:05,28.1136,32.9839,113.0,0.0,0,0.0
2026-06-23 13:33:21,28.1136,33.0388,113.0,0.0,0,0.0
2026-06-23 13:33:51,28.1136,32.9473,113.0,0.0,0,0.0
2026-06-23 13:34:06,28.1243,33.0205,113.0,0.0,0,0.0
2026-06-23 13:34:21,28.1243,32.9656,113.0,0.0,0,0.01
2026-06-23 13:34:36,28.0922,33.0632,113.0,0.0,0,0.0
2026-06-23 13:34:51,28.0922,33.1243,110.0,0.0,0,0.0
2026-06-23 13:35:06,28.0922,33.0632,113.0,0.0,0,0.0
2026-06-23 13:35:22,28.1136,33.051,113.0,0.0,0,0.0
2026-06-23 13:35:37,28.1243,33.0388,110.0,0.0,0,0.0
2026-06-23 13:35:52,28.1243,33.0388,113.0,0.0,0,0.0
2026-06-23 13:36:07,28.1243,33.0388,113.0,0.0,0,0.0
2026-06-23 13:36:22,28.1136,33.0816,113.0,0.0,0,0.0
2026-06-23 13:36:37,28.135,33.1121,113.0,0.0,0,0.0
2026-06-23 13:36:53,28.1136,33.0694,113.0,0.0,0,0.0
2026-06-23 13:37:07,28.1136,33.0938,113.0,0.0,0,0.0
2026-06-23 13:37:22,28.1243,33.0694,113.0,0.0,0,0.0
2026-06-23 13:37:38,28.1243,32.9961,113.0,0.0,0,0.0
2026-06-23 13:37:52,28.1136,32.9107,113.0,0.0,0,0.0
2026-06-23 13:38:08,28.135,32.8985,110.0,0.0,0,0.0
2026-06-23 13:38:23,28.1243,32.9412,110.0,0.0,0,0.0
2026-06-23 13:38:38,28.0922,32.9351,113.0,0.0,0,0.0
2026-06-23 13:38:53,28.135,32.9656,113.0,0.0,0,0.03
2026-06-23 13:39:09,28.1563,32.8862,110.0,0.0,0,0.0
2026-06-23 13:39:24,28.1243,32.8252,113.0,0.0,0,0.0
2026-06-23 13:39:39,28.135,32.9534,113.0,0.0,0,0.0
2026-06-23 13:39:54,28.135,32.8557,113.0,0.0,0,0.01
2026-06-23 13:40:09,28.135,32.8801,110.0,0.0,0,0.0
2026-06-23 13:40:24,28.1563,32.8679,110.0,0.0,0,0.0
2026-06-23 13:40:40,28.1777,32.874,113.0,0.0,0,0.0
2026-06-23 13:40:55,28.2097,32.7886,110.0,0.0,0,0.0
2026-06-23 13:41:10,28.167,32.7398,113.0,0.0,0,0.0
2026-06-23 13:41:25,28.167,32.8435,110.0,0.0,0,0.02
2026-06-23 13:41:41,28.1991,32.7581,113.0,0.0,0,0.0
2026-06-23 13:41:56,28.1991,32.6299,110.0,0.0,0,0.04
2026-06-23 13:42:11,28.1777,32.7153,113.0,0.0,0,0.0
2026-06-23 13:42:26,28.1777,32.7581,110.0,0.0,0,0.0
2026-06-23 13:42:41,28.1777,32.7398,113.0,0.0,0,0.01
2026-06-23 13:42:57,28.167,32.6848,110.0,0.0,0,0.01
2026-06-23 13:43:13,28.1777,32.7398,113.0,0.0,0,0.0
2026-06-23 13:43:28,28.167,32.8008,113.0,0.0,0,0.0
2026-06-23 13:43:43,28.1991,32.7581,110.0,0.0,0,0.03
2026-06-23 13:43:58,28.1777,32.6604,110.0,0.0,0,0.01
2026-06-23 13:44:14,28.1777,32.7153,110.0,0.0,0,0.0
2026-06-23 13:44:29,28.167,32.6116,113.0,0.0,0,0.0
2026-06-23 13:44:45,28.1777,32.7398,110.0,0.0,0,0.0
2026-06-23 13:45:00,28.1777,32.7153,113.0,0.0,0,0.03
2026-06-23 13:45:15,28.167,32.7703,110.0,0.0,0,0.0
2026-06-23 13:45:30,28.167,32.7703,110.0,0.0,0,0.0
2026-06-23 13:45:46,28.1243,32.7703,110.0,0.0,0,0.0
2026-06-23 13:46:01,28.135,32.8801,110.0,0.0,0,0.0
2026-06-23 13:46:17,28.135,32.8801,110.0,0.0,0,0.0
2026-06-23 13:46:37,28.1243,32.8801,110.0,0.0,0,0.0
2026-06-23 13:46:47,28.1243,32.8679,110.0,0.0,0,0.0
2026-06-23 13:47:02,28.135,32.9656,113.0,0.0,0,0.0
2026-06-23 13:47:18,28.1243,33.0571,113.0,0.0,0,0.0
2026-06-23 13:47:32,28.1563,33.0266,113.0,0.0,0,0.02
2026-06-23 13:47:48,28.135,32.8679,113.0,0.0,0,0.05
2026-06-23 13:48:03,28.1563,32.8862,113.0,0.0,0,0.0
2026-06-23 13:48:19,28.1243,32.9534,113.0,0.0,0,0.0
2026-06-23 13:48:34,28.135,32.8374,113.0,0.0,0,0.0
2026-06-23 13:48:49,28.1136,32.8252,113.0,0.0,0,0.0
2026-06-23 13:49:05,28.1243,32.7703,110.0,0.0,0,0.0
2026-06-23 13:49:20,28.1243,32.9534,113.0,0.0,0,0.11
2026-06-23 13:49:35,28.1136,32.8923,113.0,0.0,0,0.0
2026-06-23 13:49:51,28.0922,32.9107,110.0,0.0,0,0.0
2026-06-23 13:50:06,28.0816,32.9107,110.0,0.0,0,0.0
2026-06-23 13:50:21,28.1136,32.9656,113.0,0.0,0,0.0
2026-06-23 13:50:36,28.1136,33.0083,113.0,0.0,0,0.0
2026-06-23 13:50:51,28.1243,32.9656,113.0,0.0,0,0.03
2026-06-23 13:51:06,28.1136,32.9656,113.0,0.0,0,0.0
2026-06-23 13:51:28,28.1243,32.9656,113.0,0.0,0,0.01
2026-06-23 13:51:36,28.1243,33.0571,113.0,0.0,0,0.01
2026-06-23 13:51:52,28.0922,33.051,113.0,0.0,0,0.0
2026-06-23 13:52:06,28.1243,33.0205,113.0,0.0,0,0.01
2026-06-23 13:52:21,28.0922,33.0938,113.0,0.0,0,0.0
2026-06-23 13:52:43,28.1243,33.0388,113.0,0.0,0,0.0
2026-06-23 13:52:51,28.135,32.9412,113.0,0.0,0,0.0
2026-06-23 13:53:09,28.0922,33.0388,113.0,0.0,0,0.0
2026-06-23 13:53:21,28.0922,33.106,110.0,0.0,0,0.0
2026-06-23 13:53:35,28.0816,33.0632,113.0,0.0,0,0.01
2026-06-23 13:53:50,28.0816,33.051,113.0,0.0,0,0.0
2026-06-23 13:54:05,28.0816,33.051,113.0,0.0,0,0.0
2026-06-23 13:54:21,28.0816,33.1243,113.0,0.0,0,0.01
2026-06-23 13:54:36,28.0495,33.0205,113.0,0.0,0,0.0
2026-06-23 13:54:51,28.0922,33.1365,113.0,0.0,0,0.02
2026-06-23 13:55:07,28.0922,33.0816,113.0,0.0,0,0.01
2026-06-23 13:55:25,28.0922,33.0632,113.0,0.0,0,0.01
2026-06-23 13:55:35,28.1136,33.1792,113.0,0.0,0,0.0
2026-06-23 13:55:50,28.1243,33.0694,113.0,0.0,0,0.0
2026-06-23 13:56:05,28.0922,33.1243,113.0,0.0,0,0.01
2026-06-23 13:56:20,28.1136,32.9656,113.0,0.0,0,0.08
2026-06-23 13:56:35,28.0709,32.9473,113.0,0.0,0,0.0
2026-06-23 13:56:50,28.0922,33.0083,113.0,0.0,0,0.0
2026-06-23 13:57:05,28.0922,33.0938,110.0,0.0,0,0.02
2026-06-23 13:57:20,28.0709,32.9473,110.0,0.0,0,0.04
2026-06-23 13:57:35,28.0816,33.0205,110.0,0.0,0,0.0
2026-06-23 13:57:51,28.0922,33.0632,113.0,0.0,0,0.04
2026-06-23 13:58:04,28.0922,33.106,113.0,0.0,0,0.0
2026-06-23 13:58:20,28.1243,33.0571,113.0,0.0,0,0.0
2026-06-23 13:58:34,28.0816,33.0938,113.0,0.0,0,0.0
2026-06-23 13:58:50,28.0816,33.2403,113.0,0.0,0,0.11
2026-06-23 13:59:05,28.1136,33.1243,113.0,0.0,0,0.0
2026-06-23 13:59:20,28.1136,33.051,113.0,0.0,0,0.0
2026-06-23 13:59:39,28.1136,33.1365,113.0,0.0,0,0.02
2026-06-23 13:59:51,28.1243,33.1121,113.0,0.0,0,0.0
2026-06-23 14:00:06,28.135,33.0571,113.0,0.0,0,0.0
2026-06-23 14:00:21,28.1243,33.1243,113.0,0.0,0,0.02
2026-06-23 14:00:36,28.135,33.1121,113.0,0.0,0,0.01
2026-06-23 14:00:51,28.1563,33.1731,113.0,0.0,0,0.03
2026-06-23 14:01:06,28.1243,32.9656,113.0,0.0,0,0.09
2026-06-23 14:01:21,28.167,33.0449,113.0,0.0,0,0.06
2026-06-23 14:01:35,28.1563,33.1121,113.0,0.0,0,0.02
2026-06-23 14:01:51,28.167,33.0877,113.0,0.0,0,0.01
2026-06-23 14:02:06,28.1563,33.0144,113.0,0.0,0,0.0
2026-06-23 14:02:21,28.1991,32.9595,113.0,0.0,0,0.05
2026-06-23 14:02:36,28.1563,33.1548,113.0,0.0,0,0.14
2026-06-23 14:02:51,28.167,33.0999,113.0,0.0,0,0.0
2026-06-23 14:03:06,28.167,33.1304,113.0,0.0,0,0.02
2026-06-23 14:03:21,28.167,33.1609,113.0,0.0,0,0.02
2026-06-23 14:03:47,28.1563,33.0877,113.0,0.0,0,0.0
2026-06-23 14:03:50,28.167,33.0694,113.0,0.0,0,0.01
2026-06-23 14:04:05,28.1563,33.0144,113.0,0.0,1,0.94
2026-06-23 14:04:20,28.1563,32.9412,113.0,0.0,1,0.95
2026-06-23 14:04:35,28.135,33.0266,113.0,0.0,1,0.97
2026-06-23 14:04:50,28.1136,33.1121,113.0,0.0,1,0.97
2026-06-23 14:05:05,28.1243,33.1121,113.0,0.0,1,0.98
2026-06-23 14:05:20,28.1136,33.0388,113.0,0.0,1,0.95
2026-06-23 14:05:35,28.1243,33.0694,113.0,0.0,1,0.98
2026-06-23 14:05:50,28.1243,32.9656,113.0,0.0,1,0.99
2026-06-23 14:06:04,28.1136,32.9656,113.0,0.0,1,1.0
2026-06-23 14:06:19,28.1243,33.167,113.0,0.0,1,0.95
2026-06-23 14:06:34,28.0922,33.0816,113.0,0.0,1,1.0
2026-06-23 14:06:48,28.0922,32.9961,113.0,0.0,1,1.0
2026-06-23 14:07:03,28.0709,33.0327,113.0,0.0,1,1.0
2026-06-23 14:07:18,28.0709,32.99,113.0,0.0,1,1.0
2026-06-23 14:07:33,28.0495,33.1304,113.0,0.0,1,1.0
2026-06-23 14:07:48,28.0388,33.106,113.0,0.0,1,1.0
2026-06-23 14:08:03,28.0282,33.1609,113.0,0.0,1,1.0
2026-06-23 14:08:17,28.0388,33.1487,113.0,0.0,1,0.99
2026-06-23 14:08:32,28.0388,33.1487,113.0,0.0,1,0.99
2026-06-23 14:08:48,28.0388,33.106,113.0,0.0,1,1.0
2026-06-23 14:09:03,28.0282,33.106,113.0,0.0,1,1.0
2026-06-23 14:09:18,28.0068,33.1609,113.0,0.0,1,1.0
2026-06-23 14:09:33,28.0388,33.2464,113.0,0.0,1,0.98
2026-06-23 14:09:48,27.9961,33.3562,113.0,0.0,1,0.99
2026-06-23 14:10:03,28.0282,33.1304,113.0,0.0,1,0.98
2026-06-23 14:10:18,28.0388,33.3318,113.0,0.0,1,0.99
2026-06-23 14:10:33,28.0282,33.2464,113.0,0.0,1,0.99
2026-06-23 14:10:48,28.0388,33.2341,113.0,0.0,1,0.99
2026-06-23 14:11:03,27.9961,33.1975,110.0,0.0,1,1.0
2026-06-23 14:11:18,28.0068,33.2158,113.0,0.0,1,1.0
2026-06-23 14:11:33,28.0068,33.2891,113.0,0.0,1,1.0
2026-06-23 14:11:48,28.0068,33.2708,113.0,0.0,1,1.0
2026-06-23 14:12:03,27.9961,33.3318,113.0,0.0,1,0.99
2026-06-23 14:12:18,27.9961,33.3013,113.0,0.0,1,1.0
2026-06-23 14:12:32,28.0068,33.3623,113.0,0.0,1,1.0
2026-06-23 14:12:47,28.0068,33.2891,113.0,0.0,1,1.0
2026-06-23 14:13:02,27.9961,33.2586,113.0,0.0,1,1.0
2026-06-23 14:13:17,28.0068,33.3135,113.0,0.0,1,1.0
2026-06-23 14:13:32,27.9854,33.4295,113.0,0.0,1,1.0
2026-06-23 14:13:47,27.9961,33.4295,113.0,0.0,1,1.0
2026-06-23 14:14:02,28.0068,33.3318,113.0,0.0,1,1.0
2026-06-23 14:14:17,27.9854,33.2403,113.0,0.0,1,1.0
2026-06-23 14:14:32,27.9747,33.2158,113.0,0.0,1,1.0
2026-06-23 14:14:47,27.9747,33.3379,113.0,0.0,1,1.0
2026-06-23 14:15:02,27.9747,33.3013,113.0,0.0,1,1.0
2026-06-23 14:15:17,27.9747,33.3013,113.0,0.0,1,1.0
2026-06-23 14:15:32,27.9747,33.2403,113.0,0.0,1,1.0
2026-06-23 14:15:47,27.9427,33.4051,113.0,0.0,1,0.99
2026-06-23 14:16:02,27.9427,33.3257,113.0,0.0,1,1.0
2026-06-23 14:16:17,27.9427,33.2525,113.0,0.0,1,1.0
2026-06-23 14:16:32,27.9427,33.2403,113.0,0.0,1,1.0
2026-06-23 14:16:47,27.9427,33.2952,113.0,0.0,1,1.0
2026-06-23 14:17:02,27.9747,33.3684,110.0,0.0,1,0.99
2026-06-23 14:17:17,27.932,33.3501,110.0,0.0,1,1.0
2026-06-23 14:17:32,27.9747,33.3135,113.0,0.0,1,0.97
2026-06-23 14:17:47,27.9427,33.3989,113.0,0.0,1,1.0
2026-06-23 14:18:02,27.9427,33.4234,113.0,0.0,1,0.99
2026-06-23 14:18:17,27.9534,33.3257,113.0,0.0,1,1.0
2026-06-23 14:18:31,27.9961,33.2708,113.0,0.0,1,0.97
2026-06-23 14:18:47,27.9747,33.2586,113.0,0.0,1,1.0
2026-06-23 14:19:02,27.9854,33.3867,113.0,1.0,1,0.98
2026-06-23 14:19:17,27.9534,33.2952,113.0,0.0,1,1.0
2026-06-23 14:19:31,27.9854,33.167,113.0,0.0,1,0.99
2026-06-23 14:19:47,27.9854,33.4112,113.0,0.0,1,1.0
2026-06-23 14:20:02,28.0282,33.4722,113.0,0.0,1,1.0
2026-06-23 14:20:16,28.0388,33.5454,113.0,0.0,1,1.0
2026-06-23 14:20:31,28.0816,33.7224,113.0,0.0,1,1.0
2026-06-23 14:20:46,28.0922,33.8933,113.0,0.0,1,1.0
2026-06-23 14:21:00,28.167,33.9544,113.0,0.0,1,0.98
2026-06-23 14:21:15,28.1777,33.9178,113.0,0.0,1,1.0
2026-06-23 14:21:30,28.2418,33.9788,113.0,0.0,1,1.0
2026-06-23 14:21:44,28.2631,33.9544,113.0,0.0,1,1.0
2026-06-23 14:21:59,28.3272,34.0093,113.0,0.0,1,1.0
2026-06-23 14:22:15,28.37,34.0276,113.0,1.0,1,1.0
2026-06-23 14:22:29,28.434,34.0215,113.0,0.0,1,1.0
2026-06-23 14:22:46,28.4661,33.9849,113.0,0.0,1,1.0
2026-06-23 14:22:59,28.4874,34.0093,113.0,0.0,1,1.0
2026-06-23 14:23:13,28.5515,34.0459,113.0,0.0,1,1.0
2026-06-23 14:23:28,28.6049,34.1009,113.0,0.0,1,1.0
2026-06-23 14:23:43,28.6583,34.1192,113.0,0.0,1,1.0
2026-06-23 14:23:58,28.7011,34.1253,113.0,0.0,1,1.0
2026-06-23 14:24:13,28.7331,34.1009,113.0,0.0,1,1.0
2026-06-23 14:24:29,28.7972,34.1192,113.0,0.0,1,1.0
2026-06-23 14:24:43,28.8399,34.1924,116.0,0.0,1,1.0
2026-06-23 14:24:59,28.904,34.1924,113.0,0.0,1,1.0
2026-06-23 14:25:14,28.9361,34.1741,116.0,0.0,1,1.0
2026-06-23 14:25:29,28.9574,34.3511,116.0,0.0,1,0.99
2026-06-23 14:25:43,29.0429,34.5403,116.0,0.0,1,1.0
2026-06-23 14:25:58,29.0108,34.5891,116.0,0.0,1,1.0
2026-06-24 00:08:11,29.876,45.948,122.0,0.0,1,1.0
2026-06-24 00:08:26,29.9935,45.9602,122.0,0.0,1,1.0
2026-06-24 00:08:41,30.1003,45.2522,119.0,0.0,1,1.0
2026-06-24 00:08:56,30.1858,45.0629,119.0,0.0,1,1.0
2026-06-24 00:09:10,30.3246,45.4902,122.0,0.0,1,1.0
2026-06-24 00:09:26,30.4314,45.6611,122.0,0.0,1,1.0
2026-06-24 00:09:41,30.5276,44.5747,122.0,0.0,1,1.0
2026-06-24 00:09:56,30.6237,44.8188,122.0,1.0,1,1.0
2026-06-24 00:10:11,30.7412,45.0813,122.0,0.0,1,1.0
2026-06-24 00:10:27,30.848,45.0935,122.0,0.0,1,1.0
2026-06-24 00:10:42,30.9335,44.7211,122.0,0.0,1,1.0
2026-06-24 00:11:03,31.0189,43.6225,122.0,0.0,1,1.0
2026-06-24 00:11:13,31.1151,43.476,122.0,0.0,1,1.0
2026-06-24 00:11:29,31.2219,43.5248,119.0,0.0,1,1.0
2026-06-24 00:11:44,31.2753,42.4628,119.0,0.0,1,1.0
2026-06-24 00:12:00,31.3287,42.0294,122.0,0.0,1,1.0
2026-06-24 00:12:15,31.4462,43.6591,122.0,0.0,1,1.0
2026-06-24 00:12:31,31.5316,43.4272,122.0,0.0,1,1.0
2026-06-24 00:12:46,31.5743,44.0192,126.0,0.0,1,1.0
2026-06-24 00:13:02,31.6278,44.1169,122.0,0.0,1,1.0
2026-06-24 00:13:17,31.6812,43.6774,122.0,0.0,1,1.0
2026-06-24 00:13:32,31.7666,43.1647,122.0,1.0,1,1.0
2026-06-24 00:13:47,31.8093,42.4567,122.0,0.0,1,1.0
2026-06-24 00:14:03,31.8627,42.9999,122.0,1.0,1,1.0
2026-06-24 00:14:19,31.8948,42.9633,122.0,0.0,1,1.0
2026-06-24 00:14:34,31.9696,42.2736,122.0,0.0,1,1.0
2026-06-24 00:14:50,31.9909,41.6754,122.0,0.0,1,1.0
2026-06-24 00:15:05,32.0657,41.6022,126.0,0.0,1,1.0
2026-06-24 00:15:21,32.0977,41.8036,122.0,1.0,1,1.0
2026-06-24 00:15:36,32.1511,41.2848,122.0,0.0,1,1.0
2026-06-24 00:15:51,32.1939,41.6022,122.0,0.0,1,1.0
2026-06-24 00:16:06,32.2793,41.7304,122.0,0.0,1,1.0
2026-06-24 00:16:21,32.322,42.0966,126.0,0.0,1,1.0
2026-06-24 00:16:38,32.3861,42.3041,122.0,1.0,1,1.0
2026-06-24 00:16:53,32.4289,40.9979,119.0,0.0,1,1.0
2026-06-24 00:17:08,32.4929,40.1862,119.0,1.0,1,1.0
2026-06-24 00:17:23,32.525,40.058,122.0,1.0,1,1.0
2026-06-24 00:17:38,32.5891,40.7843,122.0,0.0,1,1.0
2026-06-24 00:17:54,32.6425,40.058,122.0,0.0,1,1.0
2026-06-24 00:18:10,32.7066,40.7294,126.0,0.0,1,1.0
2026-06-24 00:18:25,32.76,41.5717,122.0,1.0,1,1.0
2026-06-24 00:18:40,32.8027,40.5524,122.0,0.0,1,1.0
2026-06-24 00:18:56,32.8454,39.7955,119.0,1.0,1,1.0
2026-06-24 00:19:11,32.9309,39.3622,119.0,0.0,1,1.0
2026-06-24 00:19:26,32.9843,39.8627,122.0,0.0,1,1.0
2026-06-24 00:19:41,33.0377,39.3561,119.0,0.0,1,1.0
2026-06-24 00:19:56,33.0697,39.1974,122.0,0.0,1,1.0
2026-06-24 00:20:12,33.1552,38.5748,119.0,0.0,1,1.0
2026-06-24 00:20:27,33.1979,38.9837,122.0,0.0,1,1.0
2026-06-24 00:20:42,33.2513,38.7457,122.0,0.0,1,1.0
2026-06-24 00:20:58,33.3261,37.9217,119.0,0.0,1,1.0
2026-06-24 00:21:13,33.4009,38.5077,122.0,0.0,1,1.0
2026-06-24 00:21:28,33.4543,38.5138,122.0,0.0,1,1.0
2026-06-24 00:21:44,33.5397,38.0377,119.0,1.0,1,1.0
2026-06-24 00:22:00,33.5611,37.3419,119.0,0.0,1,1.0
2026-06-24 00:22:15,33.6038,37.3602,122.0,0.0,1,1.0
2026-06-24 00:22:30,33.6679,37.6043,119.0,0.0,1,1.0
2026-06-24 00:22:45,33.7213,37.6226,119.0,0.0,1,1.0
2026-06-24 00:23:00,33.7747,36.6766,119.0,0.0,1,1.0
2026-06-24 00:23:15,33.7854,36.1639,119.0,0.0,1,1.0
2026-06-24 00:23:30,33.8281,35.993,119.0,0.0,1,1.0
2026-06-24 00:23:44,33.8815,35.8648,119.0,0.0,1,1.0
2026-06-24 00:23:59,33.9029,35.8648,119.0,0.0,1,1.0
2026-06-24 00:24:14,33.9242,36.6094,122.0,0.0,1,1.0
2026-06-24 00:24:29,33.9776,36.9635,122.0,0.0,1,1.0
2026-06-24 00:24:44,33.999,37.0184,122.0,0.0,1,1.0
2026-06-24 00:24:59,34.0311,36.6583,119.0,0.0,1,1.0
2026-06-24 00:25:14,34.0845,36.6522,119.0,0.0,1,1.0
2026-06-24 00:25:30,34.1058,36.4752,119.0,0.0,1,1.0
2026-06-24 00:25:45,34.1592,35.9991,119.0,0.0,1,1.0
2026-06-24 00:26:00,34.202,36.0296,119.0,0.0,1,1.0
2026-06-24 00:26:14,34.2233,36.5423,122.0,0.0,1,1.0
2026-06-24 00:26:31,34.2874,36.3165,119.0,0.0,1,1.0
2026-06-24 00:26:46,34.3408,36.2982,119.0,0.0,1,1.0
2026-06-24 00:27:01,34.4049,35.7794,119.0,0.0,1,1.0
2026-06-24 00:27:16,34.4583,35.7794,119.0,0.0,1,1.0
2026-06-24 00:27:32,34.501,35.4192,119.0,1.0,1,1.0
2026-06-24 00:27:47,34.501,35.1385,119.0,0.0,1,1.0
2026-06-24 00:28:02,34.5544,36.0906,119.0,0.0,1,1.0
2026-06-24 00:28:18,34.5544,35.2911,119.0,0.0,1,1.0
2026-06-24 00:28:33,34.6078,35.3094,119.0,1.0,1,1.0
2026-06-24 00:28:49,34.6292,34.6807,119.0,0.0,1,1.0
2026-06-24 00:29:04,34.6399,34.7173,119.0,0.0,1,1.0
2026-06-24 00:29:19,34.6399,34.1131,119.0,0.0,1,1.0
2026-06-24 00:29:34,34.6719,35.2361,122.0,0.0,1,1.0
2026-06-24 00:29:49,34.6826,34.6563,122.0,0.0,1,1.0
2026-06-24 00:30:04,34.7253,34.699,119.0,0.0,1,1.0
2026-06-24 00:30:19,34.7787,34.3694,119.0,0.0,1,1.0
2026-06-24 00:30:33,34.8001,33.9361,119.0,0.0,1,1.0
2026-06-24 00:30:48,34.8108,33.5149,119.0,0.0,1,1.0
2026-06-24 00:31:03,34.8428,33.1975,119.0,0.0,1,1.0
2026-06-24 00:31:18,34.8535,32.9656,119.0,0.0,1,1.0
2026-06-24 00:31:33,34.8642,32.8008,119.0,0.0,1,1.0
2026-06-24 00:31:49,34.9069,33.0694,119.0,1.0,1,1.0
2026-06-24 00:32:04,34.939,34.2107,122.0,0.0,1,1.0
2026-06-24 00:32:19,34.9603,34.3572,122.0,0.0,1,1.0
2026-06-24 00:32:34,34.9603,34.7051,122.0,0.0,1,1.0
2026-06-24 00:32:49,35.0031,34.345,119.0,0.0,1,1.0
2026-06-24 00:33:04,35.0351,34.4366,122.0,0.0,1,1.0
2026-06-24 00:33:19,35.0458,34.1619,122.0,0.0,1,1.0
2026-06-24 00:33:34,35.0778,34.0459,119.0,0.0,1,1.0
2026-06-24 00:33:49,35.0885,34.0642,119.0,0.0,1,1.0
2026-06-24 00:34:04,35.1312,33.8506,119.0,0.0,1,1.0
2026-06-24 00:34:20,35.1846,34.0703,122.0,0.0,1,1.0
2026-06-24 00:34:36,35.1846,34.3755,122.0,0.0,1,1.0
2026-06-24 00:34:51,35.2167,34.3694,122.0,0.0,1,1.0
2026-06-24 00:35:07,35.238,33.93,119.0,0.0,1,1.0
2026-06-24 00:35:22,35.2915,33.1487,119.0,0.0,1,1.0
2026-06-24 00:35:38,35.3021,33.2769,119.0,0.0,1,1.0
2026-06-24 00:35:53,35.3021,32.9717,119.0,0.0,1,1.0
2026-06-24 00:36:09,35.3235,33.0632,119.0,0.0,1,1.0
2026-06-24 00:36:24,35.3235,32.7092,119.0,1.0,1,1.0
2026-06-24 00:36:40,35.3021,31.9951,119.0,0.0,1,1.0
2026-06-24 00:36:54,35.3235,32.9412,119.0,0.0,1,1.0
2026-06-24 00:37:10,35.3021,33.7713,122.0,0.0,1,1.0
2026-06-24 00:37:25,35.3449,33.3684,119.0,0.0,1,1.0
2026-06-24 00:37:41,35.3449,33.8079,119.0,0.0,1,1.0
2026-06-24 00:37:55,35.3555,33.283,119.0,0.0,1,1.0
2026-06-24 00:38:10,35.3876,33.228,119.0,0.0,1,1.0
2026-06-24 00:38:26,35.3876,33.051,119.0,0.0,1,1.0
2026-06-24 00:38:40,35.3876,32.9046,119.0,0.0,1,1.0
2026-06-24 00:38:55,35.3769,33.2097,119.0,0.0,1,1.0
2026-06-24 00:39:10,35.4196,32.7459,119.0,0.0,1,1.0
2026-06-24 00:39:25,35.4303,32.8374,119.0,0.0,1,1.0
2026-06-24 00:39:40,35.4303,33.0694,119.0,0.0,1,1.0
2026-06-24 00:39:55,35.473,32.6848,119.0,0.0,1,1.0
2026-06-24 00:40:10,35.4837,33.2097,119.0,0.0,1,1.0
2026-06-24 00:40:26,35.5158,33.3867,119.0,0.0,1,1.0
2026-06-24 00:40:41,35.5478,33.0938,119.0,0.0,1,1.0
2026-06-24 00:40:55,35.5692,33.1121,122.0,0.0,1,1.0
2026-06-24 00:41:10,35.5905,32.6909,119.0,0.0,1,1.0
2026-06-24 00:41:25,35.6332,32.7398,119.0,0.0,1,1.0
2026-06-24 00:41:40,35.6546,32.3735,119.0,1.0,1,1.0
2026-06-24 00:41:56,35.6653,32.5505,119.0,0.0,1,1.0
2026-06-24 00:42:10,35.6973,32.6848,119.0,0.0,1,1.0
2026-06-24 00:42:26,35.7614,32.4529,119.0,0.0,1,1.0
2026-06-24 00:42:41,35.7721,32.4712,119.0,0.0,1,1.0
2026-06-24 00:42:56,35.7828,32.4285,119.0,0.0,1,1.0
2026-06-24 00:43:11,35.8255,32.1721,119.0,0.0,1,1.0
2026-06-24 00:43:26,35.8255,32.0684,119.0,0.0,1,1.0
2026-06-24 00:43:41,35.8682,32.0562,119.0,0.0,1,1.0
2026-06-24 00:43:57,35.9003,32.8923,122.0,1.0,1,1.0
2026-06-24 00:44:12,35.911,32.874,122.0,0.0,1,1.0
2026-06-24 00:44:28,35.9644,32.9839,122.0,0.0,1,1.0
2026-06-24 00:44:43,35.9644,32.2698,119.0,0.0,1,1.0
2026-06-24 00:44:58,35.9964,31.8914,119.0,0.0,1,1.0
2026-06-24 00:45:13,36.0071,31.7205,119.0,0.0,1,1.0
2026-06-24 00:45:28,36.0071,31.7449,119.0,0.0,1,1.0
2026-06-24 00:45:43,36.0071,31.6594,119.0,0.0,1,1.0
2026-06-24 00:45:58,36.0285,31.5557,119.0,0.0,1,1.0
2026-06-24 00:46:13,36.0285,31.165,119.0,0.0,1,1.0
2026-06-24 00:46:28,36.0071,30.695,119.0,0.0,1,1.0
2026-06-24 00:46:43,36.0285,31.0735,119.0,0.0,1,1.0
2026-06-24 00:46:58,36.0285,30.927,119.0,0.0,1,1.0
2026-06-24 00:47:13,36.0071,32.2698,119.0,0.0,1,1.0
2026-06-24 00:47:28,36.0285,31.5007,119.0,0.0,1,1.0
2026-06-24 00:47:43,36.0712,31.0185,119.0,1.0,1,1.0
2026-06-24 00:47:59,36.0391,30.5791,119.0,0.0,1,1.0
2026-06-24 00:48:13,36.0498,30.4753,119.0,0.0,1,1.0
2026-06-24 00:48:28,36.0925,31.5618,119.0,0.0,1,1.0
2026-06-24 00:48:44,36.0819,31.574,119.0,1.0,1,1.0
2026-06-24 00:48:59,36.1246,32.575,122.0,0.0,1,1.0
2026-06-24 00:49:14,36.1673,32.697,122.0,0.0,1,1.0
2026-06-24 00:49:30,36.21,32.5383,122.0,0.0,1,1.0
2026-06-24 00:49:45,36.2528,32.4956,122.0,0.0,1,1.0
2026-06-24 00:50:00,36.2955,32.459,119.0,0.0,1,1.0
2026-06-24 00:50:15,36.3382,31.6289,119.0,0.0,1,1.0
2026-06-24 00:50:30,36.3489,31.2016,119.0,0.0,1,1.0
2026-06-24 00:50:46,36.4343,31.0491,119.0,0.0,1,1.0
2026-06-24 00:51:01,36.445,31.2078,119.0,0.0,1,1.0
2026-06-24 00:51:16,36.4878,31.0674,119.0,0.0,1,1.0
2026-06-24 00:51:31,36.5091,31.2749,119.0,0.0,1,1.0
2026-06-24 00:51:46,36.5518,31.043,119.0,0.0,1,1.0
2026-06-24 00:52:01,36.5839,31.0185,119.0,0.0,1,0.99
2026-06-24 00:52:16,36.5839,30.695,119.0,0.0,1,1.0
2026-06-24 00:52:31,36.6373,30.7622,119.0,0.0,1,1.0
2026-06-24 00:52:46,36.648,30.8904,119.0,0.0,1,1.0
2026-06-24 00:53:02,36.6587,30.9941,119.0,0.0,1,1.0
2026-06-24 00:53:17,36.6587,31.2444,122.0,0.0,1,1.0
2026-06-24 00:53:32,36.6907,31.4824,122.0,0.0,1,1.0
2026-06-24 00:53:47,36.7441,31.5862,122.0,0.0,1,1.0
2026-06-24 00:54:03,36.7441,31.0613,119.0,0.0,1,1.0
2026-06-24 00:54:18,36.7762,31.3725,119.0,0.0,1,1.0
2026-06-24 00:54:33,36.7762,31.2993,119.0,0.0,1,1.0
2026-06-24 00:54:48,36.7975,31.0796,119.0,0.0,1,1.0
2026-06-24 00:55:03,36.8189,31.2016,119.0,0.0,1,1.0
2026-06-24 00:55:20,36.8296,31.3848,122.0,0.0,1,1.0
2026-06-24 00:55:34,36.8402,31.2871,122.0,0.0,1,1.0
2026-06-24 00:55:49,36.8723,31.1894,122.0,0.0,1,1.0
2026-06-24 00:56:03,36.8723,31.2444,122.0,0.0,1,1.0
2026-06-24 00:56:17,36.8723,31.2627,122.0,0.0,1,1.0
2026-06-24 00:56:33,36.883,31.2932,122.0,0.0,1,1.0
2026-06-24 00:56:48,36.9043,31.5984,122.0,0.0,1,1.0
2026-06-24 00:57:03,36.9043,31.9829,122.0,0.0,1,1.0
2026-06-24 00:57:19,36.9043,31.3542,119.0,0.0,1,1.0
2026-06-24 00:57:34,36.9257,31.5312,119.0,0.0,1,1.0
2026-06-24 00:57:49,36.9471,31.3237,119.0,0.0,1,1.0
2026-06-24 00:58:04,36.9257,31.22,122.0,0.0,1,1.0
2026-06-24 00:58:19,36.9684,30.988,119.0,0.0,1,1.0
2026-06-24 00:58:34,36.9898,30.6706,119.0,0.0,1,1.0
2026-06-24 00:58:49,37.0111,30.0114,119.0,0.0,1,1.0
2026-06-24 00:59:04,36.9898,29.3523,119.0,0.0,1,1.0
2026-06-24 00:59:27,36.9898,29.3645,119.0,0.0,1,1.0
2026-06-24 00:59:35,37.0005,29.6574,119.0,0.0,1,1.0
2026-06-24 00:59:50,37.0111,28.8273,119.0,0.0,1,1.0
2026-06-24 01:00:05,37.0111,29.34,119.0,0.0,1,1.0
2026-06-24 01:00:20,37.0005,29.4255,119.0,0.0,1,1.0
2026-06-24 01:00:35,37.0111,29.7612,119.0,0.0,1,1.0
2026-06-24 01:00:50,37.0325,30.2922,119.0,0.0,1,1.0
2026-06-24 01:01:05,37.0539,30.573,122.0,0.0,1,1.0
2026-06-24 01:01:21,37.0859,30.4997,119.0,0.0,1,1.0
2026-06-24 01:01:36,37.0859,29.0776,119.0,0.0,1,1.0
2026-06-24 01:01:51,37.0966,28.2475,116.0,0.0,1,1.0
2026-06-24 01:02:06,37.1286,28.5527,119.0,0.0,1,1.0
2026-06-24 01:02:21,37.118,28.6992,119.0,1.0,1,1.0
2026-06-24 01:02:36,37.118,29.4499,119.0,0.0,1,1.0
2026-06-24 01:02:51,37.1286,29.9016,119.0,0.0,1,1.0
2026-06-24 01:03:06,37.1393,30.0053,119.0,0.0,1,1.0
2026-06-24 01:03:21,37.1286,30.0359,119.0,0.0,1,1.0
2026-06-24 01:03:36,37.1607,30.4448,119.0,0.0,1,1.0
2026-06-24 01:03:51,37.182,30.5364,119.0,0.0,1,1.0
2026-06-24 01:04:06,37.182,30.7012,119.0,0.0,1,1.0
2026-06-24 01:04:21,37.2034,30.5852,119.0,0.0,1,1.0
2026-06-24 01:04:35,37.2141,29.9992,119.0,0.0,1,1.0
2026-06-24 01:04:50,37.2568,29.8833,119.0,0.0,1,1.0
2026-06-24 01:05:05,37.2675,29.7978,119.0,0.0,1,1.0
2026-06-24 01:05:20,37.2568,29.6513,119.0,0.0,1,1.0
2026-06-24 01:05:35,37.2995,29.6086,119.0,0.0,1,1.0
2026-06-24 01:05:49,37.2995,29.7429,119.0,0.0,1,1.0
2026-06-24 01:06:04,37.3102,29.9626,119.0,0.0,1,1.0
2026-06-24 01:06:19,37.3529,29.7734,119.0,0.0,1,1.0
2026-06-24 01:06:34,37.3529,29.8589,119.0,0.0,1,1.0
2026-06-24 01:06:49,37.385,29.8772,119.0,0.0,1,1.0
2026-06-24 01:07:04,37.3957,29.9382,119.0,0.0,1,1.0
2026-06-24 01:07:19,37.4063,29.9687,119.0,1.0,1,1.0
2026-06-24 01:07:35,37.4384,30.2373,119.0,1.0,1,1.0
2026-06-24 01:07:50,37.4811,30.695,122.0,0.0,1,1.0
2026-06-24 01:08:06,37.4491,30.7195,122.0,0.0,1,1.0
2026-06-24 01:08:21,37.4811,30.7256,122.0,0.0,1,1.0
2026-06-24 01:08:36,37.4811,31.22,122.0,0.0,1,1.0
2026-06-24 01:08:51,37.4918,31.2078,122.0,0.0,1,1.0
2026-06-24 01:09:06,37.5345,31.5007,122.0,0.0,1,1.0
2026-06-24 01:09:21,37.5666,32.0623,122.0,0.0,1,1.0
2026-06-24 01:09:36,37.5666,32.5444,126.0,0.0,1,1.0
2026-06-24 01:09:51,37.62,32.9168,126.0,0.0,1,1.0
2026-06-24 01:10:06,37.6413,32.5994,126.0,0.0,1,1.0
2026-06-24 01:10:22,37.6841,32.9839,126.0,0.0,1,1.0
2026-06-24 01:10:36,37.6627,33.4234,126.0,0.0,1,1.0
2026-06-24 01:10:51,37.7268,33.4844,126.0,0.0,1,1.0
2026-06-24 01:11:06,37.7375,33.8201,126.0,0.0,1,1.0
2026-06-24 01:11:21,37.7588,33.93,126.0,1.0,1,1.0
2026-06-24 01:11:36,37.7802,33.3318,126.0,1.0,1,1.0
2026-06-24 01:11:51,37.7909,33.106,122.0,0.0,1,1.0
2026-06-24 01:12:06,37.7802,33.0022,122.0,0.0,1,1.0
2026-06-24 01:12:32,37.8016,33.167,126.0,0.0,1,1.0
2026-06-24 01:12:36,37.8016,33.637,126.0,0.0,1,1.0
2026-06-24 01:12:51,37.8443,33.7285,126.0,0.0,1,1.0
2026-06-24 01:13:06,37.8443,33.9971,126.0,0.0,1,1.0
2026-06-24 01:13:20,37.8443,34.0948,126.0,0.0,1,1.0
2026-06-24 01:13:35,37.8763,33.9117,126.0,1.0,1,1.0
2026-06-24 01:13:51,37.8443,33.5271,126.0,0.0,1,1.0
2026-06-24 01:14:06,37.8763,32.9839,126.0,0.0,1,1.0
2026-06-24 01:14:22,37.8656,33.4661,126.0,0.0,1,1.0
2026-06-24 01:14:37,37.887,33.7774,126.0,0.0,1,1.0
2026-06-24 01:14:52,37.887,33.3989,126.0,0.0,1,1.0
2026-06-24 01:15:07,37.887,33.3379,126.0,0.0,1,1.0
2026-06-24 01:15:23,37.9084,33.8384,126.0,0.0,1,1.0
2026-06-24 01:15:38,37.9084,33.2341,126.0,0.0,1,1.0
2026-06-24 01:15:54,37.9084,32.8374,122.0,0.0,1,1.0
2026-06-24 01:16:08,37.887,32.7642,126.0,0.0,1,1.0
2026-06-24 01:16:24,37.9191,33.5882,126.0,0.0,1,1.0
2026-06-24 01:16:39,37.9297,33.344,126.0,0.0,1,1.0
2026-06-24 01:16:56,37.9084,35.1202,126.0,1.0,1,1.0
2026-06-24 01:17:11,37.9191,33.2525,126.0,1.0,1,1.0
2026-06-24 01:17:26,37.887,34.2473,129.0,0.0,1,1.0
2026-06-24 01:17:42,37.8763,34.7723,129.0,0.0,1,1.0
2026-06-24 01:17:57,37.887,33.7041,126.0,0.0,1,1.0
2026-06-24 01:18:12,37.8763,33.3806,126.0,0.0,1,1.0
2026-06-24 01:18:27,37.8763,33.1121,122.0,0.0,1,1.0
2026-06-24 01:18:43,37.9084,33.0449,126.0,0.0,1,1.0
2026-06-24 01:18:58,37.9084,32.6482,122.0,0.0,1,1.0
2026-06-24 01:19:13,37.8656,32.3796,122.0,0.0,1,1.0
2026-06-24 01:19:28,37.8763,32.2087,122.0,0.0,1,1.0
2026-06-24 01:19:43,37.8763,32.1477,122.0,0.0,1,1.0
2026-06-24 01:19:59,37.8763,32.3064,122.0,0.0,1,1.0
2026-06-24 01:20:13,37.8656,32.1904,122.0,0.0,1,1.0
2026-06-24 01:20:29,37.8763,32.5261,122.0,0.0,1,1.0
2026-06-24 01:20:44,37.8763,32.5994,122.0,0.0,1,1.0
2026-06-24 01:21:00,37.8763,32.3064,122.0,0.0,1,1.0
2026-06-24 01:21:15,37.887,32.6299,122.0,0.0,1,1.0
2026-06-24 01:21:31,37.887,32.8985,126.0,1.0,1,1.0
2026-06-24 01:21:46,37.887,33.6004,126.0,0.0,1,1.0
2026-06-24 01:22:01,37.887,33.0571,126.0,0.0,1,1.0
2026-06-24 01:22:16,37.9084,32.7092,122.0,0.0,1,1.0
2026-06-24 01:22:32,37.9084,32.3247,122.0,0.0,1,1.0
2026-06-24 01:22:47,37.9191,32.0806,126.0,0.0,1,1.0
2026-06-24 01:23:02,37.9191,32.166,126.0,0.0,1,1.0
2026-06-24 01:23:17,37.9297,32.4163,126.0,0.0,1,1.0
2026-06-24 01:23:33,37.9297,32.6055,126.0,0.0,1,1.0
2026-06-24 01:23:47,37.9297,32.8435,126.0,0.0,1,1.0
2026-06-24 01:24:03,37.9511,32.4468,126.0,0.0,1,1.0
2026-06-24 01:24:18,37.9618,32.0684,122.0,0.0,1,1.0
2026-06-24 01:24:33,37.9725,31.7571,122.0,0.0,1,1.0
2026-06-24 01:24:48,37.9725,32.1111,126.0,0.0,1,1.0
2026-06-24 01:25:03,37.9618,32.6543,126.0,0.0,1,1.0
2026-06-24 01:25:19,37.9618,31.9341,122.0,0.0,1,1.0
2026-06-24 01:25:34,37.9725,31.5557,122.0,0.0,1,1.0
2026-06-24 01:25:49,37.9191,31.1528,122.0,0.0,1,1.0
2026-06-24 01:26:05,37.9191,30.9026,122.0,0.0,1,1.0
2026-06-24 01:26:20,37.887,30.4753,122.0,0.0,1,1.0
2026-06-24 01:26:36,37.8336,30.341,119.0,0.0,1,1.0
2026-06-24 01:26:51,37.7802,30.2922,122.0,0.0,1,1.0
2026-06-24 01:27:07,37.7588,30.6706,122.0,0.0,1,1.0
2026-06-24 01:27:22,37.7268,30.8721,122.0,0.0,1,1.0
2026-06-24 01:27:38,37.652,30.9087,122.0,0.0,1,1.0
2026-06-24 01:27:54,37.62,30.4082,119.0,0.0,1,1.0
2026-06-24 01:28:10,37.5772,30.1396,122.0,0.0,1,1.0
2026-06-24 01:28:25,37.5345,30.2007,122.0,0.0,1,1.0
2026-06-24 01:28:41,37.4704,30.341,122.0,0.0,1,1.0
2026-06-24 01:28:56,37.4491,30.4875,122.0,0.0,1,1.0
2026-06-24 01:29:11,37.3957,30.6706,122.0,0.0,1,1.0
2026-06-24 01:29:27,37.385,30.7439,122.0,0.0,1,1.0
2026-06-24 01:29:43,37.3423,30.7134,122.0,0.0,1,1.0
2026-06-24 01:29:58,37.3209,30.6828,119.0,0.0,1,1.0
2026-06-24 01:30:14,37.2782,30.4021,122.0,0.0,1,1.0
2026-06-24 01:30:29,37.2675,30.5303,122.0,0.0,1,1.0
2026-06-24 01:30:46,37.2141,30.3227,122.0,0.0,1,1.0
2026-06-24 01:31:01,37.182,30.7134,119.0,0.0,1,1.0
2026-06-24 01:31:17,37.1393,30.7988,122.0,0.0,1,1.0
2026-06-24 01:31:33,37.1607,30.988,122.0,0.0,1,1.0
2026-06-24 01:31:49,37.118,30.8415,119.0,0.0,1,1.0
2026-06-24 01:32:05,37.0752,31.0124,122.0,1.0,1,1.0
2026-06-24 01:32:20,37.0859,31.1467,122.0,0.0,1,1.0
2026-06-24 01:32:36,37.0859,31.1589,119.0,0.0,1,1.0
2026-06-24 01:32:52,37.0752,31.0857,119.0,0.0,1,1.0
2026-06-24 01:33:08,37.0966,31.281,119.0,0.0,1,1.0
2026-06-24 01:33:23,37.0859,31.3359,122.0,0.0,1,1.0
2026-06-24 01:33:39,37.0859,31.3054,122.0,0.0,1,1.0
2026-06-24 01:33:55,37.0539,31.3664,122.0,0.0,1,1.0
2026-06-24 01:34:10,37.0432,30.9392,122.0,0.0,1,1.0
2026-06-24 01:34:26,37.0432,30.9636,122.0,0.0,1,0.99
2026-06-24 01:34:42,37.0111,31.1711,122.0,0.0,1,1.0
2026-06-24 01:34:57,37.0111,31.3298,122.0,0.0,1,1.0
2026-06-24 01:35:13,37.0325,31.5801,122.0,1.0,1,1.0
2026-06-24 01:35:28,37.0111,31.8425,122.0,0.0,1,1.0
2026-06-24 01:35:44,37.0325,32.282,122.0,0.0,1,1.0
2026-06-24 01:35:59,37.0325,32.3735,126.0,0.0,1,1.0
2026-06-24 01:36:14,37.0859,32.697,126.0,0.0,1,1.0
2026-06-24 01:36:29,37.0859,32.5628,126.0,0.0,1,1.0
2026-06-24 01:36:45,37.1286,32.5383,126.0,0.0,1,0.99
2026-06-24 01:37:00,37.1393,32.5689,126.0,0.0,1,1.0
2026-06-24 01:37:15,37.1607,32.5994,126.0,0.0,1,1.0
2026-06-24 01:37:31,37.182,32.8801,126.0,0.0,1,1.0
2026-06-24 01:37:46,37.182,32.7214,126.0,0.0,1,1.0
2026-06-24 01:38:01,37.2461,32.7825,126.0,0.0,1,1.0
2026-06-24 01:38:17,37.2675,32.7581,122.0,1.0,1,1.0
2026-06-24 01:38:32,37.2995,32.9656,126.0,0.0,1,1.0
2026-06-24 01:38:47,37.3209,33.2341,126.0,0.0,1,1.0
2026-06-24 01:39:02,37.3423,33.4783,126.0,0.0,1,1.0
2026-06-24 01:39:17,37.3636,33.9971,126.0,0.0,1,1.0
2026-06-24 01:39:33,37.4277,33.5027,126.0,1.0,1,1.0
2026-06-24 01:39:48,37.4384,34.0887,126.0,0.0,1,1.0
2026-06-24 01:40:03,37.4491,33.8018,126.0,0.0,1,1.0
2026-06-24 01:40:19,37.4491,34.284,129.0,0.0,1,1.0
2026-06-24 01:40:35,37.4811,33.7163,126.0,0.0,1,1.0
2026-06-24 01:40:49,37.4704,33.3318,126.0,0.0,1,1.0
2026-06-24 01:41:05,37.4704,32.4529,122.0,0.0,1,1.0
2026-06-24 01:41:20,37.4704,33.0388,126.0,0.0,1,1.0
2026-06-24 01:41:36,37.4704,33.0816,126.0,0.0,1,1.0
2026-06-24 01:41:51,37.4811,33.2708,126.0,0.0,1,1.0
2026-06-24 01:42:06,37.5132,33.6553,126.0,0.0,1,1.0
2026-06-24 01:42:22,37.4918,33.7285,129.0,0.0,1,1.0
2026-06-24 01:42:37,37.4918,33.9788,126.0,0.0,1,1.0
2026-06-24 01:42:52,37.5132,33.6858,126.0,0.0,1,1.0
2026-06-24 01:43:07,37.5559,33.7469,126.0,0.0,1,1.0
2026-06-24 01:43:22,37.5345,33.5882,122.0,0.0,1,1.0
2026-06-24 01:43:37,37.5666,33.6187,126.0,0.0,1,1.0
2026-06-24 01:43:52,37.6093,33.1365,122.0,0.0,1,1.0
2026-06-24 01:44:07,37.6093,32.7886,122.0,0.0,1,1.0
2026-06-24 01:44:22,37.6413,32.8496,126.0,0.0,1,1.0
2026-06-24 01:44:37,37.652,33.3745,126.0,0.0,1,1.0
2026-06-24 01:44:52,37.6947,33.9666,129.0,0.0,1,1.0
2026-06-24 01:45:08,37.6947,34.4976,129.0,0.0,1,1.0
2026-06-24 01:45:23,37.6947,33.6004,126.0,0.0,1,1.0
2026-06-24 01:45:38,37.7054,33.2891,126.0,0.0,1,1.0
2026-06-24 01:45:53,37.7268,33.6431,126.0,0.0,1,1.0
2026-06-24 01:46:08,37.7481,33.2403,126.0,0.0,1,1.0
2026-06-24 01:46:23,37.7909,33.1548,126.0,0.0,1,1.0
2026-06-24 01:46:39,37.7588,32.6848,122.0,0.0,1,1.0
2026-06-24 01:46:54,37.8336,33.0388,126.0,0.0,1,1.0
2026-06-24 01:47:09,37.8229,32.9046,126.0,0.0,1,1.0
2026-06-24 01:47:24,37.8763,32.7337,126.0,0.0,1,1.0
2026-06-24 01:47:39,37.9084,32.9717,126.0,0.0,1,1.0
2026-06-24 01:47:54,37.9191,33.1182,126.0,0.0,1,1.0
2026-06-24 01:48:10,37.9725,32.6238,122.0,1.0,1,1.0
2026-06-24 01:48:25,37.9725,32.0684,122.0,0.0,1,1.0
2026-06-24 01:48:41,37.9511,31.2566,122.0,0.0,1,1.0
2026-06-24 01:48:57,37.9618,31.2444,122.0,0.0,1,1.0
2026-06-24 01:49:13,37.9297,31.1406,122.0,0.0,1,1.0
2026-06-24 01:49:29,37.8763,31.104,122.0,0.0,1,1.0
2026-06-24 01:49:44,37.8763,31.1772,122.0,0.0,1,1.0
2026-06-24 01:50:00,37.8656,31.1162,122.0,0.0,1,1.0
2026-06-24 01:50:16,37.8229,30.8782,122.0,0.0,1,1.0
2026-06-24 01:50:32,37.7802,30.8171,122.0,0.0,1,1.0
2026-06-24 01:50:48,37.7268,30.9331,122.0,0.0,1,1.0
2026-06-24 01:51:03,37.7268,31.0918,122.0,0.0,1,1.0
2026-06-24 01:51:19,37.6841,31.165,122.0,0.0,1,1.0
2026-06-24 01:51:34,37.6413,31.0857,122.0,0.0,1,1.0
2026-06-24 01:51:51,37.62,30.927,122.0,0.0,1,1.0
2026-06-24 01:52:06,37.6093,30.8659,122.0,1.0,1,1.0
2026-06-24 01:52:22,37.5772,30.5669,122.0,1.0,1,1.0
2026-06-24 01:52:37,37.4918,30.5913,122.0,0.0,1,1.0
2026-06-24 01:52:53,37.4918,30.7378,122.0,0.0,1,1.0
2026-06-24 01:53:08,37.4384,30.573,119.0,0.0,1,1.0
2026-06-24 01:53:25,37.3957,30.5364,122.0,0.0,1,1.0
2026-06-24 01:53:40,37.3423,30.3899,119.0,0.0,1,1.0
2026-06-24 01:53:56,37.2995,30.3594,119.0,0.0,1,1.0
2026-06-24 01:54:11,37.2675,30.3716,122.0,0.0,1,1.0
2026-06-24 01:54:28,37.2034,30.219,119.0,0.0,1,1.0
2026-06-24 01:54:43,37.1286,30.341,119.0,0.0,1,1.0
2026-06-24 01:54:59,37.0966,30.4387,119.0,0.0,1,1.0
2026-06-24 01:55:15,37.0539,30.3655,119.0,0.0,1,1.0
2026-06-24 01:55:31,37.0111,30.4387,119.0,0.0,1,1.0
2026-06-24 01:55:47,36.9684,30.4509,119.0,0.0,1,1.0
2026-06-24 01:56:02,36.915,30.5608,119.0,0.0,1,1.0
2026-06-24 01:56:18,36.883,30.5119,119.0,0.0,1,1.0
2026-06-24 01:56:34,36.7975,30.4509,119.0,0.0,1,1.0
2026-06-24 01:56:50,36.7762,30.6096,122.0,0.0,1,1.0
2026-06-24 01:57:06,36.7227,30.5913,119.0,0.0,1,1.0
2026-06-24 01:57:21,36.7227,30.3838,119.0,0.0,1,1.0
2026-06-24 01:57:37,36.68,30.3838,119.0,1.0,1,1.0
2026-06-24 01:57:52,36.6052,30.7134,119.0,0.0,1,1.0
2026-06-24 01:58:08,36.5839,30.6523,119.0,0.0,1,1.0
2026-06-24 01:58:23,36.5625,30.695,119.0,0.0,1,1.0
2026-06-24 01:58:39,36.5198,30.6462,122.0,0.0,1,1.0
2026-06-24 01:58:55,36.4771,30.6889,119.0,0.0,1,1.0
2026-06-24 01:59:11,36.445,30.6401,122.0,0.0,1,1.0
2026-06-24 01:59:26,36.4237,30.5974,119.0,0.0,1,1.0
2026-06-24 01:59:42,36.3916,30.7561,119.0,0.0,1,1.0
2026-06-24 01:59:57,36.3596,31.0002,122.0,0.0,1,1.0
2026-06-24 02:00:13,36.3489,31.2016,119.0,0.0,1,1.0
2026-06-24 02:00:29,36.2955,31.2993,119.0,0.0,1,1.0
2026-06-24 02:00:45,36.2955,31.2566,122.0,0.0,1,1.0
2026-06-24 02:01:00,36.2635,31.4214,119.0,0.0,1,1.0
2026-06-24 02:01:16,36.2635,31.3848,119.0,0.0,1,1.0
2026-06-24 02:01:32,36.2848,31.4458,119.0,0.0,1,1.0
2026-06-24 02:01:48,36.2848,31.2871,119.0,0.0,1,1.0
2026-06-24 02:02:02,36.2635,31.165,119.0,0.0,1,1.0
2026-06-24 02:02:18,36.2528,31.3115,119.0,0.0,1,1.0
2026-06-24 02:02:34,36.2528,31.165,119.0,0.0,1,1.0
2026-06-24 02:02:49,36.2528,31.1345,119.0,0.0,1,1.0
2026-06-24 02:03:05,36.21,31.2505,119.0,0.0,1,1.0
2026-06-24 02:03:21,36.21,31.22,119.0,0.0,1,1.0
2026-06-24 02:03:36,36.1994,31.1894,119.0,0.0,1,1.0
2026-06-24 02:03:51,36.178,31.1772,119.0,0.0,1,1.0
2026-06-24 02:04:07,36.178,31.0307,119.0,0.0,1,1.0
2026-06-24 02:04:23,36.1673,31.1894,119.0,0.0,1,1.0
2026-06-24 02:04:38,36.1566,31.3054,119.0,0.0,1,1.0
2026-06-24 02:04:53,36.1353,31.4092,119.0,0.0,1,1.0
2026-06-24 02:05:09,36.1673,31.3664,119.0,0.0,1,1.0
2026-06-24 02:05:25,36.1353,31.3298,119.0,0.0,1,1.0
2026-06-24 02:05:40,36.1246,31.1711,119.0,0.0,1,1.0
2026-06-24 02:05:56,36.1246,31.0735,119.0,0.0,1,1.0
2026-06-24 02:06:11,36.0925,31.1528,119.0,0.0,1,1.0
2026-06-24 02:06:27,36.0819,31.0979,119.0,0.0,1,1.0
2026-06-24 02:06:43,36.0819,30.9941,119.0,0.0,1,1.0
2026-06-24 02:06:58,36.0712,31.0368,119.0,0.0,1,1.0
2026-06-24 02:07:14,36.0498,31.2261,119.0,1.0,1,1.0
2026-06-24 02:07:30,35.9964,31.5007,122.0,1.0,1,1.0
2026-06-24 02:07:45,36.0285,31.4275,119.0,0.0,1,1.0
2026-06-24 03:21:18,34.6719,31.3725,119.0,1.0,1,1.0
2026-06-24 03:21:33,34.5651,31.5373,119.0,0.0,1,1.0
2026-06-24 03:21:48,34.501,31.5373,119.0,0.0,1,1.0
2026-06-24 03:22:03,34.4369,31.6899,119.0,0.0,1,1.0
2026-06-24 03:22:18,34.4369,31.7632,119.0,0.0,1,1.0
2026-06-24 03:22:34,34.4156,31.8608,119.0,0.0,1,1.0
2026-06-24 03:22:49,34.4263,31.8975,119.0,0.0,1,1.0
2026-06-24 03:23:04,34.4263,32.2881,119.0,0.0,1,1.0
2026-06-24 03:23:19,34.4049,32.2271,119.0,0.0,1,1.0
2026-06-24 03:23:35,34.4583,32.2148,119.0,0.0,1,1.0
2026-06-24 03:23:50,34.469,32.4224,119.0,0.0,1,1.0
2026-06-24 03:24:06,34.469,31.928,119.0,1.0,1,1.0
2026-06-24 03:24:21,34.4369,32.3796,119.0,0.0,1,1.0
2026-06-24 03:24:36,34.469,32.2454,119.0,0.0,1,1.0
2026-06-24 03:24:51,34.469,32.0317,119.0,0.0,1,1.0
2026-06-24 03:25:06,34.4797,31.989,119.0,0.0,1,1.0
2026-06-24 03:25:21,34.469,31.8425,119.0,1.0,1,1.0
2026-06-24 03:25:37,34.5224,31.7693,119.0,1.0,1,1.0
2026-06-24 03:25:52,34.5438,31.7998,119.0,0.0,1,1.0
2026-06-24 03:26:07,34.5651,31.7021,119.0,0.0,1,1.0
2026-06-24 03:26:22,34.5972,31.7754,119.0,0.0,1,1.0
2026-06-24 03:26:38,34.6292,31.6777,119.0,0.0,1,1.0
2026-06-24 03:26:53,34.6292,31.5923,119.0,0.0,1,1.0
2026-06-24 03:27:08,34.6719,31.3603,119.0,0.0,1,1.0
2026-06-24 03:27:24,34.6826,31.519,119.0,0.0,1,1.0
2026-06-24 03:27:39,34.6826,31.1589,119.0,0.0,1,1.0
2026-06-24 03:27:55,34.6826,30.9087,119.0,1.0,1,1.0
2026-06-24 03:28:11,34.6506,31.6228,119.0,1.0,1,1.0
2026-06-24 03:28:25,34.6933,31.8853,119.0,0.0,1,1.0
2026-06-24 03:28:41,34.704,32.0195,119.0,0.0,1,1.0
2026-06-24 03:28:56,34.7253,31.9951,119.0,0.0,1,1.0
2026-06-24 03:29:11,34.7787,32.1416,119.0,1.0,1,1.0
2026-06-24 03:29:27,34.8001,31.7632,119.0,0.0,1,1.0
2026-06-24 03:29:43,34.8108,31.458,119.0,0.0,1,1.0
2026-06-24 03:29:58,34.8535,31.3603,119.0,0.0,1,1.0
2026-06-24 03:30:14,34.8642,31.3054,119.0,0.0,1,1.0
2026-06-24 03:30:29,34.8962,31.1162,119.0,0.0,1,1.0
2026-06-24 03:30:45,34.9176,31.0002,119.0,0.0,1,1.0
2026-06-24 03:31:00,34.939,30.8293,119.0,0.0,1,1.0
2026-06-24 03:31:17,34.939,31.0185,119.0,0.0,1,1.0
2026-06-24 03:31:31,34.9176,31.1223,119.0,0.0,1,1.0
2026-06-24 03:31:46,34.9496,31.0368,119.0,0.0,1,1.0
2026-06-24 03:32:02,34.9496,30.7866,119.0,0.0,1,1.0
2026-06-24 03:32:17,34.9496,30.7988,119.0,0.0,1,1.0
2026-06-24 03:32:32,34.9603,30.8721,119.0,0.0,1,1.0
2026-06-24 03:32:48,34.9496,30.7012,119.0,0.0,1,1.0
2026-06-24 03:33:03,34.939,30.8598,119.0,0.0,1,1.0
2026-06-24 03:33:18,34.9496,30.7439,119.0,0.0,1,1.0
2026-06-24 03:33:33,34.939,30.7561,119.0,0.0,1,1.0
2026-06-24 03:33:48,34.939,30.8293,119.0,0.0,1,1.0
2026-06-24 03:34:04,34.9496,30.9148,119.0,0.0,1,1.0
2026-06-24 03:34:19,34.9603,30.8904,119.0,0.0,1,1.0
2026-06-24 03:34:34,34.9603,30.8598,119.0,1.0,1,1.0
2026-06-24 03:34:50,34.9603,30.9453,119.0,1.0,1,1.0
2026-06-24 03:35:05,34.9817,30.8049,119.0,0.0,1,1.0
2026-06-24 03:35:21,34.9603,31.0063,119.0,0.0,1,1.0
2026-06-24 03:35:36,35.0031,31.1711,119.0,0.0,1,1.0
2026-06-24 03:35:52,35.0031,31.1528,119.0,0.0,1,1.0
2026-06-24 03:36:07,35.0458,31.0735,119.0,0.0,1,1.0
2026-06-24 03:36:22,35.0351,31.043,119.0,0.0,1,1.0
2026-06-24 03:36:38,35.0458,31.1711,119.0,0.0,1,1.0
2026-06-24 03:36:53,35.0885,31.2078,119.0,0.0,1,1.0
2026-06-24 03:37:08,35.1205,31.0307,119.0,0.0,1,1.0
2026-06-24 03:37:23,35.1099,30.9148,119.0,1.0,1,1.0
2026-06-24 03:37:39,35.1205,30.9758,119.0,1.0,1,1.0
2026-06-24 03:37:54,35.1205,30.9026,119.0,0.0,1,1.0
2026-06-24 03:38:10,35.1633,30.8782,119.0,1.0,1,1.0
2026-06-24 03:38:26,35.1846,30.9819,119.0,0.0,1,1.0
2026-06-24 03:38:41,35.174,31.2444,119.0,0.0,1,1.0
2026-06-24 03:38:56,35.206,31.0124,119.0,0.0,1,1.0
2026-06-24 03:39:11,35.2167,31.3176,119.0,0.0,1,1.0
2026-06-24 03:39:27,35.2915,31.5251,119.0,0.0,1,1.0
2026-06-24 03:39:43,35.3021,31.1528,119.0,0.0,1,1.0
2026-06-24 03:39:58,35.3342,31.0063,119.0,0.0,1,1.0
2026-06-24 03:40:13,35.3555,30.9331,119.0,0.0,1,1.0
2026-06-24 03:40:28,35.3769,30.8232,119.0,0.0,1,1.0
2026-06-24 03:40:44,35.4196,30.8049,119.0,0.0,1,1.0
2026-06-24 03:41:00,35.4623,30.8293,119.0,0.0,1,1.0
2026-06-24 03:41:16,35.441,30.6523,119.0,0.0,1,1.0
2026-06-24 03:41:30,35.4837,30.5364,119.0,0.0,1,1.0
2026-06-24 03:41:45,35.4837,30.4021,119.0,0.0,1,1.0
2026-06-24 03:42:00,35.5158,30.3655,119.0,0.0,1,1.0
2026-06-24 03:42:15,35.5264,30.3349,119.0,0.0,1,1.0
2026-06-24 03:42:30,35.5264,30.1457,119.0,0.0,1,1.0
2026-06-24 03:42:45,35.5478,30.219,119.0,0.0,1,1.0
2026-06-24 03:43:00,35.5585,30.2678,119.0,0.0,1,1.0
2026-06-24 03:43:15,35.5585,30.164,119.0,0.0,1,1.0
2026-06-24 03:43:30,35.5585,30.1762,119.0,1.0,1,1.0
2026-06-24 03:43:46,35.6012,30.4143,119.0,0.0,1,1.0
2026-06-24 03:44:01,35.6332,30.7073,119.0,0.0,1,1.0
2026-06-24 03:44:16,35.6439,30.634,119.0,0.0,1,1.0
2026-06-24 03:44:31,35.6973,30.6584,119.0,0.0,1,1.0
2026-06-24 03:44:46,35.6973,30.6157,119.0,0.0,1,1.0
2026-06-24 03:45:02,35.7614,30.5119,119.0,0.0,1,1.0
2026-06-24 03:45:17,35.8042,30.457,119.0,1.0,1,1.0
2026-06-24 03:45:32,35.8576,30.2007,119.0,0.0,1,1.0
2026-06-24 06:31:45,35.1633,34.8699,122.0,1.0,1,1.0
2026-06-24 06:32:01,35.1526,34.9126,122.0,1.0,1,1.0
2026-06-24 06:32:17,35.1526,35.0896,126.0,1.0,1,1.0
2026-06-24 06:32:32,35.174,35.3338,122.0,0.0,1,1.0
2026-06-24 06:32:47,35.174,34.9981,122.0,0.0,1,1.0
2026-06-24 06:33:02,35.1846,35.2117,122.0,0.0,1,1.0
2026-06-24 06:33:18,35.1846,35.0408,122.0,0.0,1,1.0
2026-06-24 06:33:33,35.206,35.5657,126.0,0.0,1,1.0
2026-06-24 06:33:49,35.206,35.9197,126.0,0.0,1,1.0
2026-06-24 06:34:04,35.2167,35.8526,122.0,1.0,1,1.0
2026-06-24 06:34:20,35.238,34.6258,122.0,0.0,1,1.0
2026-06-24 06:34:35,35.238,34.4549,122.0,0.0,1,1.0
2026-06-24 06:34:51,35.2487,34.1802,119.0,0.0,1,1.0
2026-06-24 06:35:07,35.238,33.8872,119.0,0.0,1,1.0
2026-06-24 06:35:22,35.2594,33.4783,119.0,0.0,1,1.0
2026-06-24 06:35:38,35.2487,33.4905,122.0,0.0,1,1.0
2026-06-24 06:35:53,35.2487,33.7285,122.0,0.0,1,1.0
2026-06-24 06:36:08,35.2594,33.8628,122.0,0.0,1,1.0
2026-06-24 06:36:24,35.2915,33.9361,122.0,0.0,1,1.0
2026-06-24 06:36:40,35.2915,33.7163,119.0,1.0,1,1.0
2026-06-24 06:36:55,35.3449,33.9849,122.0,0.0,1,1.0
2026-06-24 06:37:10,35.3235,34.0398,122.0,0.0,1,1.0
2026-06-24 06:37:25,35.3449,34.2168,122.0,0.0,1,1.0
2026-06-24 06:37:40,35.3342,34.2412,122.0,0.0,1,1.0
2026-06-24 06:37:56,35.3555,33.8384,122.0,0.0,1,1.0
2026-06-24 06:38:11,35.3555,33.637,122.0,0.0,1,1.0
2026-06-24 06:38:26,35.3449,33.8933,122.0,0.0,1,1.0
2026-06-24 06:38:41,35.3449,34.1009,122.0,0.0,1,1.0
2026-06-24 06:38:57,35.3555,34.0154,122.0,0.0,1,1.0
2026-06-24 06:39:12,35.3555,33.9727,122.0,0.0,1,1.0
2026-06-24 06:39:27,35.3769,33.7835,122.0,0.0,1,1.0
2026-06-24 06:39:42,35.3769,34.4244,122.0,0.0,1,1.0
2026-06-24 06:39:58,35.3342,33.9361,122.0,0.0,1,1.0
2026-06-24 06:40:13,35.3342,33.6309,119.0,1.0,1,1.0
2026-06-24 06:40:29,35.2915,32.8985,119.0,1.0,1,1.0
2026-06-24 06:40:44,35.2915,32.5933,119.0,1.0,1,1.0
2026-06-24 06:41:00,35.2487,32.5872,119.0,0.0,1,1.0
2026-06-24 06:41:15,35.2167,32.9046,119.0,0.0,1,1.0
2026-06-24 06:41:31,35.1846,32.3919,119.0,0.0,1,1.0
2026-06-24 06:41:46,35.1633,32.4224,119.0,1.0,1,1.0
2026-06-24 06:42:02,35.1633,32.4956,119.0,0.0,1,1.0
2026-06-24 06:42:16,35.1099,32.4468,119.0,0.0,1,1.0
2026-06-24 06:42:32,35.0885,32.4163,119.0,0.0,1,1.0
2026-06-24 06:42:47,35.0671,32.575,119.0,0.0,1,1.0
2026-06-24 06:43:02,35.0671,32.3674,119.0,1.0,1,1.0
2026-06-24 06:43:17,35.0671,32.343,119.0,0.0,1,1.0
2026-06-24 06:43:32,35.0351,32.5139,119.0,1.0,1,1.0
2026-06-24 06:43:48,35.0351,32.3919,119.0,0.0,1,1.0
2026-06-24 06:44:03,35.0351,32.8923,119.0,1.0,1,1.0
2026-06-24 06:44:18,35.0244,33.2952,119.0,0.0,1,1.0
2026-06-24 06:44:34,35.0031,33.1975,119.0,0.0,1,1.0
2026-06-24 06:44:49,34.9924,33.1792,119.0,1.0,1,1.0
2026-06-24 06:45:05,35.0351,33.1243,119.0,0.0,1,1.0
2026-06-24 06:45:20,35.0778,33.0877,119.0,0.0,1,1.0
2026-06-24 06:45:35,35.0458,32.9351,119.0,0.0,1,1.0
2026-06-24 06:45:50,35.1205,32.8557,119.0,0.0,1,1.0
2026-06-24 06:46:06,35.1099,33.2464,119.0,1.0,1,1.0
2026-06-24 06:46:21,35.1526,33.9788,119.0,1.0,1,1.0
2026-06-24 06:46:37,35.174,33.8201,119.0,0.0,1,1.0
2026-06-24 06:46:53,35.1846,33.2952,119.0,0.0,1,1.0
2026-06-24 06:47:09,35.206,33.1426,119.0,0.0,1,1.0
2026-06-24 06:47:24,35.1846,32.7031,119.0,1.0,1,1.0
2026-06-24 06:47:40,35.238,32.8618,119.0,1.0,1,1.0
2026-06-24 06:47:55,35.206,34.0276,122.0,0.0,1,1.0
2026-06-24 06:48:19,35.2167,32.9534,122.0,0.0,1,1.0
2026-06-24 06:48:26,35.1846,32.9229,119.0,0.0,1,1.0
2026-06-24 06:48:42,35.1846,32.874,119.0,0.0,1,1.0
2026-06-24 06:48:57,35.1846,32.9656,119.0,0.0,1,1.0
2026-06-24 06:49:13,35.1846,33.1487,119.0,0.0,1,1.0
2026-06-24 06:49:30,35.238,33.3623,119.0,0.0,1,1.0
2026-06-24 06:49:43,35.2594,33.2464,119.0,0.0,1,1.0
2026-06-24 06:49:59,35.2808,33.0999,119.0,0.0,1,1.0
2026-06-24 06:50:14,35.2808,32.9412,119.0,0.0,1,1.0
2026-06-24 06:50:29,35.2808,33.1182,119.0,0.0,1,1.0
2026-06-24 06:50:45,35.3342,33.2341,119.0,0.0,1,1.0
2026-06-24 06:51:00,35.3449,33.1487,119.0,0.0,1,1.0
2026-06-24 06:51:16,35.3769,33.0083,119.0,0.0,1,1.0
2026-06-24 06:51:31,35.3983,32.8923,119.0,1.0,1,1.0
2026-06-24 06:51:47,35.3876,32.7214,122.0,1.0,1,1.0
2026-06-24 06:52:02,35.3876,32.8496,119.0,0.0,1,1.0
2026-06-24 06:52:18,35.3983,32.9473,119.0,0.0,1,1.0
2026-06-24 06:52:33,35.3876,33.0205,119.0,1.0,1,1.0
2026-06-24 06:53:04,35.4623,33.3806,119.0,0.0,1,1.0
2026-06-24 06:53:20,35.473,33.1609,119.0,0.0,1,1.0
2026-06-24 06:53:35,35.4623,33.1182,119.0,0.0,1,1.0
2026-06-24 06:53:51,35.5051,33.2219,122.0,0.0,1,1.0
2026-06-24 06:54:06,35.5264,33.0938,119.0,0.0,1,1.0
2026-06-24 06:54:22,35.5264,33.0694,122.0,0.0,1,1.0
2026-06-24 06:54:37,35.5585,34.1741,122.0,0.0,1,1.0
2026-06-24 06:54:53,35.5905,33.6675,122.0,0.0,1,1.0
2026-06-24 06:55:08,35.6439,33.4417,122.0,0.0,1,1.0
2026-06-24 06:55:23,35.6653,33.7041,122.0,0.0,1,1.0
2026-06-24 06:55:39,35.6867,33.167,122.0,0.0,1,1.0
2026-06-24 06:55:54,35.6973,32.7459,119.0,0.0,1,1.0
2026-06-24 06:56:09,35.7614,32.6055,119.0,0.0,1,1.0
2026-06-24 06:56:24,35.7721,33.1609,122.0,0.0,1,1.0
2026-06-24 06:56:39,35.8148,32.813,119.0,0.0,1,1.0
2026-06-24 06:56:55,35.8148,32.5322,119.0,0.0,1,1.0
2026-06-24 06:57:10,35.8576,32.6665,122.0,0.0,1,1.0
2026-06-24 06:57:25,35.8682,32.6116,122.0,0.0,1,1.0
2026-06-24 06:57:41,35.9003,32.5566,122.0,0.0,1,1.0
2026-06-24 06:57:56,35.911,32.4407,122.0,0.0,1,1.0
2026-06-24 06:58:11,35.9644,32.5322,122.0,0.0,1,1.0
2026-06-24 06:58:26,35.9964,32.6543,122.0,0.0,1,1.0
2026-06-24 06:58:42,35.9964,32.3919,119.0,1.0,1,1.0
2026-06-24 06:58:57,36.0498,32.3369,122.0,0.0,1,1.0
2026-06-24 06:59:13,36.0712,32.5566,122.0,0.0,1,1.0
2026-06-24 06:59:28,36.0819,32.3552,119.0,1.0,1,1.0
2026-06-24 06:59:43,36.1032,32.0012,119.0,0.0,1,1.0
2026-06-24 06:59:59,36.1353,31.4946,119.0,0.0,1,1.0
2026-06-24 07:00:14,36.1566,31.4092,119.0,0.0,1,1.0
2026-06-24 07:00:29,36.1673,31.5862,119.0,0.0,1,1.0
2026-06-24 07:00:45,36.1673,31.4397,119.0,1.0,1,1.0
2026-06-24 07:01:00,36.1673,32.3003,119.0,1.0,1,1.0
2026-06-24 07:01:16,36.1032,31.2749,119.0,1.0,1,1.0
2026-06-24 07:01:32,36.0819,31.2566,119.0,1.0,1,1.0
2026-06-24 07:01:48,36.0391,31.2078,119.0,0.0,1,1.0
2026-06-24 07:02:03,35.9644,31.1284,119.0,1.0,1,1.0
2026-06-24 07:02:21,35.943,31.4214,119.0,1.0,1,1.0
2026-06-24 07:02:34,35.9003,31.6045,119.0,0.0,1,1.0
2026-06-24 07:02:50,35.8255,31.397,119.0,0.0,1,1.0
2026-06-24 07:03:06,35.7828,31.0124,119.0,0.0,1,1.0
2026-06-24 07:03:20,35.6973,31.165,119.0,0.0,1,1.0
2026-06-24 07:03:35,35.6546,31.1772,119.0,0.0,1,1.0
2026-06-24 07:03:51,35.6119,31.043,119.0,0.0,1,1.0
2026-06-24 07:04:07,35.5158,31.0613,119.0,1.0,1,1.0
2026-06-24 07:04:23,35.4623,31.0307,119.0,0.0,1,1.0
2026-06-24 07:04:38,35.3876,31.6655,119.0,1.0,1,1.0
2026-06-24 07:04:53,35.3555,31.4885,119.0,0.0,1,1.0
2026-06-24 07:05:08,35.2808,31.2932,119.0,1.0,1,1.0
2026-06-24 07:05:24,35.2487,31.4824,119.0,0.0,1,1.0
2026-06-24 07:05:40,35.206,31.3298,119.0,1.0,1,1.0
2026-06-24 07:05:55,35.1205,31.1223,116.0,0.0,1,1.0
2026-06-24 07:06:11,35.0778,30.9575,116.0,0.0,1,1.0
2026-06-24 07:06:26,35.0031,31.0246,116.0,0.0,1,1.0
2026-06-24 07:06:42,34.9496,31.0185,116.0,0.0,1,1.0
2026-06-24 07:06:58,34.9069,31.1589,116.0,0.0,1,1.0
2026-06-24 07:07:14,34.8642,31.4336,119.0,0.0,1,1.0
2026-06-24 07:07:29,34.8428,31.4336,119.0,0.0,1,1.0
2026-06-24 07:07:45,34.8215,31.3848,119.0,0.0,1,1.0
2026-06-24 07:08:01,34.8108,31.4153,119.0,1.0,1,1.0
2026-06-24 07:08:17,34.7681,31.4275,116.0,0.0,1,1.0
2026-06-24 07:08:32,34.7787,31.519,119.0,0.0,1,1.0
2026-06-24 07:08:48,34.736,31.5251,119.0,0.0,1,1.0
2026-06-24 07:09:03,34.704,31.4946,119.0,0.0,1,1.0
2026-06-24 07:09:19,34.736,31.7449,119.0,0.0,1,1.0
2026-06-24 07:09:34,34.6826,31.7266,119.0,1.0,1,1.0
2026-06-24 07:09:50,34.6506,31.4031,119.0,1.0,1,1.0
2026-06-24 07:10:06,34.6719,31.7571,116.0,1.0,1,1.0
2026-06-24 07:10:21,34.6399,31.5068,119.0,0.0,1,1.0
2026-06-24 07:10:44,34.5972,31.5434,119.0,0.0,1,1.0
2026-06-24 07:10:52,34.5544,31.6594,119.0,0.0,1,1.0
2026-06-24 07:11:07,34.5224,31.4397,119.0,0.0,1,1.0
2026-06-24 07:11:23,34.5544,32.0378,119.0,1.0,1,1.0
2026-06-24 07:11:38,34.5117,32.166,119.0,0.0,1,1.0
2026-06-24 07:11:54,34.5117,32.0928,119.0,0.0,1,1.0
2026-06-24 07:12:09,34.5117,34.5037,122.0,1.0,1,1.0
2026-06-24 11:10:18,25.4006,57.0443,126.0,0.0,1,0.94
2026-06-24 11:10:32,25.5394,56.3363,126.0,0.0,1,1.0
2026-06-24 11:10:48,25.6996,56.08,126.0,0.0,1,0.99
2026-06-24 11:11:04,25.8278,57.6486,126.0,0.0,1,1.0
2026-06-24 11:11:19,25.988,58.79,126.0,0.0,1,1.0
2026-06-24 11:11:34,26.1376,60.1083,126.0,0.0,1,1.0
2026-06-24 11:11:50,26.2657,58.2406,126.0,0.0,1,1.0
2026-06-24 11:12:05,26.3832,57.4716,126.0,0.0,1,1.0
2026-06-24 11:12:28,26.5114,57.0077,126.0,0.0,1,1.0
2026-06-24 11:12:35,26.6289,56.6598,126.0,0.0,1,1.0
2026-06-24 11:12:50,26.725,56.3851,126.0,0.0,1,1.0
2026-06-24 11:13:06,26.8639,56.3119,126.0,0.0,1,1.0
2026-06-24 11:13:21,26.9921,56.3668,126.0,0.0,1,1.0
2026-06-24 11:13:36,27.0775,56.4401,126.0,0.0,1,1.0
2026-06-24 11:13:51,27.2057,56.2875,126.0,1.0,1,0.92
2026-06-24 11:14:09,27.3339,56.2753,126.0,1.0,1,1.0
2026-06-24 11:14:31,27.4514,56.7697,129.0,0.0,1,1.0
2026-06-24 11:14:37,27.5582,56.3912,126.0,0.0,1,1.0
2026-06-24 11:14:53,27.6543,56.1105,126.0,0.0,1,1.0
2026-06-24 11:15:08,27.7825,56.1654,126.0,0.0,1,1.0
2026-06-24 11:15:23,27.8252,55.8236,126.0,0.0,1,1.0
2026-06-24 11:15:38,27.932,55.4208,126.0,0.0,1,1.0
2026-06-24 11:15:54,28.0068,55.3658,126.0,0.0,1,1.0
2026-06-24 11:16:08,28.0816,55.1156,126.0,0.0,1,1.0
2026-06-24 11:16:24,28.1991,55.3475,126.0,0.0,1,1.0
2026-06-24 11:16:39,28.2418,55.5917,126.0,0.0,1,1.0
2026-06-24 11:16:54,28.3486,55.1949,126.0,0.0,1,1.0
2026-06-24 11:17:09,28.4234,55.0668,126.0,0.0,1,1.0
2026-06-24 11:17:25,28.4874,55.079,126.0,0.0,1,1.0
2026-06-24 11:17:40,28.5729,54.9203,126.0,0.0,1,1.0
2026-06-24 11:17:55,28.6583,54.847,129.0,0.0,1,1.0
2026-06-24 11:18:11,28.7331,54.902,129.0,0.0,1,1.0
2026-06-24 11:18:26,28.7972,54.6517,129.0,0.0,1,1.0
2026-06-24 11:18:41,28.904,54.5052,129.0,0.0,1,1.0
2026-06-24 11:18:56,28.9361,54.3404,129.0,0.0,1,1.0
2026-06-24 11:19:11,29.0108,54.3526,129.0,0.0,1,1.0
2026-06-24 11:19:27,29.0749,54.2611,129.0,0.0,1,0.99
2026-06-24 11:19:41,29.1283,54.0841,129.0,0.0,1,1.0
2026-06-24 11:19:57,29.2245,54.3587,129.0,0.0,1,1.0
2026-06-24 11:20:12,29.2565,53.9681,129.0,0.0,1,1.0
2026-06-24 11:20:27,29.2779,53.9376,129.0,0.0,1,1.0
2026-06-24 11:20:42,29.3526,53.7545,129.0,0.0,1,1.0
2026-06-24 11:20:57,29.3847,53.724,129.0,0.0,1,1.0
2026-06-24 11:21:12,29.4274,53.7301,129.0,0.0,1,1.0
2026-06-24 11:21:27,29.4915,53.6751,129.0,0.0,1,1.0
2026-06-24 11:21:42,29.5235,53.5348,129.0,0.0,1,1.0
2026-06-24 11:21:58,29.5769,53.1624,129.0,0.0,1,1.0
2026-06-24 11:22:13,29.6197,52.1187,126.0,0.0,1,1.0
2026-06-24 11:22:28,29.6517,51.4595,126.0,0.0,1,1.0
2026-06-24 11:22:44,29.641,51.3985,126.0,0.0,1,0.98
2026-06-24 11:22:59,29.641,51.1177,126.0,0.0,1,0.99
2026-06-24 11:23:14,29.641,50.8431,126.0,0.0,1,0.88
2026-06-24 11:23:29,29.6197,50.9163,126.0,0.0,1,0.86
2026-06-24 11:23:44,29.609,50.7088,126.0,1.0,0,0.43
2026-06-24 11:24:00,29.5769,50.6294,126.0,0.0,0,0.19
2026-06-24 11:24:15,29.5769,50.5806,126.0,0.0,0,0.06
2026-06-24 11:24:30,29.5663,50.2449,126.0,0.0,0,0.09
2026-06-24 11:24:45,29.5556,50.2815,126.0,0.0,0,0.07
2026-06-24 11:25:01,29.5129,50.4829,126.0,0.0,0,0.02
2026-06-24 11:25:16,29.5129,50.4952,126.0,0.0,0,0.08
2026-06-24 11:25:31,29.5129,50.4707,126.0,0.0,0,0.05
2026-06-24 11:25:46,29.5129,50.2876,126.0,0.0,0,0.04
2026-06-24 11:26:01,29.4701,50.0618,126.0,0.0,0,0.03
2026-06-24 11:26:16,29.5129,49.7993,126.0,0.0,0,0.11
2026-06-24 11:26:31,29.4808,49.6101,126.0,0.0,0,0.03
2026-06-24 11:26:46,29.4808,49.7932,126.0,0.0,0,0.12
2026-06-24 11:27:02,29.4488,49.9763,126.0,0.0,0,0.11
2026-06-24 11:27:17,29.4701,49.6895,126.0,0.0,0,0.04
2026-06-24 11:27:32,29.4488,49.4087,126.0,0.0,0,0.07
2026-06-24 11:27:47,29.4701,49.2866,126.0,0.0,0,0.08
2026-06-24 11:28:03,29.4701,48.9448,126.0,0.0,1,0.89
2026-06-24 11:28:18,29.4701,48.8289,126.0,0.0,1,0.89
2026-06-24 11:28:34,29.4381,49.5064,126.0,0.0,1,0.91
2026-06-24 11:28:49,29.4274,49.958,126.0,0.0,1,0.92
2026-06-24 11:29:04,29.4274,49.2195,126.0,0.0,1,1.0
2026-06-24 11:29:19,29.4381,49.073,126.0,0.0,1,0.96
2026-06-24 11:29:34,29.4274,48.7556,126.0,0.0,1,0.94
2026-06-24 11:29:49,29.4381,48.658,126.0,0.0,1,1.0
2026-06-24 11:30:05,29.4381,48.7312,126.0,0.0,1,1.0
2026-06-24 11:30:19,29.4274,48.6091,126.0,0.0,1,0.98
2026-06-24 11:30:35,29.4274,48.2246,122.0,0.0,1,1.0
2026-06-24 11:30:50,29.4167,48.2124,122.0,0.0,1,0.99
2026-06-24 11:31:07,29.4167,48.2246,126.0,0.0,1,0.99
2026-06-24 11:31:21,29.4167,48.2246,126.0,0.0,1,1.0
2026-06-24 11:31:36,29.4167,48.2002,122.0,0.0,1,0.99
2026-06-24 11:31:52,29.3954,48.3833,126.0,0.0,1,0.96
2026-06-24 11:32:07,29.3954,48.5054,126.0,0.0,1,1.0
2026-06-24 11:32:22,29.4167,48.6763,126.0,0.0,1,0.97
2026-06-24 11:32:37,29.4381,48.8289,126.0,0.0,1,0.99
2026-06-24 11:32:52,29.4274,48.9021,126.0,0.0,1,1.0
2026-06-24 11:33:07,29.4808,49.0303,126.0,0.0,1,0.99
2026-06-24 11:33:22,29.4915,48.957,126.0,0.0,1,1.0
2026-06-24 11:33:37,29.5235,48.9021,126.0,0.0,1,0.99
2026-06-24 11:33:52,29.5556,48.9693,126.0,0.0,1,1.0
2026-06-24 11:34:07,29.5769,49.1157,126.0,0.0,1,1.0
2026-06-24 11:34:22,29.5983,49.366,126.0,0.0,1,1.0
2026-06-24 11:34:37,29.641,49.3599,126.0,0.0,1,1.0
2026-06-24 11:34:52,29.6517,49.3599,126.0,0.0,1,1.0
2026-06-24 11:35:07,29.6838,49.4392,126.0,0.0,1,1.0
2026-06-24 11:35:22,29.7372,49.4331,126.0,0.0,1,1.0
2026-06-24 11:35:37,29.7906,49.4392,126.0,0.0,1,1.0
2026-06-24 11:35:52,29.8013,49.5674,126.0,0.0,1,1.0
2026-06-24 11:36:08,29.844,49.5613,126.0,0.0,1,1.0
2026-06-24 11:36:23,29.876,49.5613,129.0,0.0,1,1.0
2026-06-24 11:36:39,29.8867,49.6651,129.0,0.0,1,1.0
2026-06-24 11:36:54,29.8867,50.0801,129.0,0.0,1,1.0
2026-06-24 11:37:09,29.9508,49.8054,129.0,0.0,1,0.97
2026-06-24 11:37:25,29.9615,49.6834,126.0,0.0,1,1.0
2026-06-24 11:37:40,30.0042,49.6895,129.0,0.0,1,1.0
2026-06-24 11:37:55,30.0469,49.6956,129.0,0.0,1,1.0
2026-06-24 11:38:11,30.0576,49.7871,129.0,0.0,1,1.0
2026-06-24 11:38:26,30.079,49.8604,126.0,0.0,1,1.0
2026-06-24 11:38:42,30.0896,50.1228,129.0,0.0,1,1.0
2026-06-24 11:38:58,30.1431,50.0557,126.0,0.0,1,1.0
2026-06-24 11:39:13,30.1431,49.9336,129.0,0.0,1,1.0
2026-06-24 11:39:29,30.1858,50.0496,129.0,0.0,1,1.0
2026-06-24 11:39:44,30.1751,49.958,129.0,0.0,1,0.98
2026-06-24 11:39:59,30.2178,50.0374,129.0,0.0,1,1.0
2026-06-24 11:40:15,30.2606,50.0191,129.0,0.0,1,0.99
2026-06-24 11:40:30,30.2606,50.0679,129.0,0.0,1,1.0
2026-06-24 11:40:45,30.314,50.3243,129.0,0.0,1,1.0
2026-06-24 11:41:00,30.2819,50.135,129.0,0.0,1,0.9
2026-06-24 11:41:15,30.314,50.0191,129.0,0.0,1,1.0
2026-06-24 11:41:31,30.346,50.2815,129.0,0.0,1,1.0
2026-06-24 11:41:46,30.3674,50.2449,129.0,0.0,1,1.0
2026-06-24 11:42:01,30.3674,50.1473,129.0,0.0,1,1.0
2026-06-24 11:42:17,30.4101,50.4524,129.0,0.0,1,1.0
2026-06-24 11:42:32,30.4101,51.9783,129.0,0.0,1,1.0
2026-06-24 11:42:47,30.4314,50.5745,129.0,0.0,1,0.99
2026-06-24 11:43:02,30.4528,50.2327,129.0,0.0,1,1.0
2026-06-24 11:43:17,30.5169,50.0801,129.0,1.0,1,0.96
2026-06-24 11:43:32,30.5169,50.0191,129.0,0.0,1,1.0
2026-06-24 11:43:48,30.5596,50.0618,129.0,1.0,1,1.0
2026-06-24 11:44:03,30.5703,50.1473,129.0,0.0,1,1.0
2026-06-24 11:44:19,30.581,50.4341,129.0,0.0,1,1.0
2026-06-24 11:44:34,30.5703,50.4097,129.0,0.0,1,1.0
2026-06-24 11:44:49,30.5703,50.4585,129.0,0.0,1,1.0
2026-06-24 11:45:04,30.581,50.4097,129.0,0.0,1,0.99
2026-06-24 11:45:19,30.613,50.428,129.0,0.0,1,0.99
2026-06-24 11:45:34,30.6023,50.428,129.0,0.0,1,1.0
2026-06-24 11:45:49,30.5703,51.0872,129.0,0.0,1,0.99
2026-06-24 11:46:04,30.6023,50.4891,129.0,0.0,1,1.0
2026-06-24 11:46:20,30.6023,50.6111,129.0,0.0,1,1.0
2026-06-24 11:46:35,30.6023,50.7942,129.0,0.0,1,0.99
2026-06-24 11:46:51,30.581,50.5196,129.0,0.0,1,0.98
2026-06-24 11:47:06,30.6344,50.5562,129.0,0.0,1,1.0
2026-06-24 11:47:21,30.6237,50.6233,129.0,0.0,1,1.0
2026-06-24 11:47:36,30.6237,50.5135,129.0,0.0,1,0.99
2026-06-24 11:47:51,30.6237,50.5013,129.0,0.0,1,1.0
2026-06-24 11:48:06,30.6023,50.428,129.0,0.0,1,0.99
2026-06-24 11:48:22,30.6558,50.3243,129.0,0.0,1,0.99
2026-06-24 11:48:37,30.6558,50.251,129.0,0.0,1,1.0
2026-06-24 11:48:52,30.6771,50.4219,129.0,0.0,1,1.0
2026-06-24 11:49:07,30.6664,50.2144,129.0,1.0,1,0.94
2026-06-24 11:49:22,30.6664,50.5318,129.0,1.0,1,1.0
2026-06-24 11:49:38,30.6664,51.0994,129.0,0.0,1,1.0
2026-06-24 11:49:53,30.6771,50.6355,129.0,0.0,1,1.0
2026-06-24 11:50:08,30.7198,50.9712,129.0,0.0,1,1.0
2026-06-24 11:50:23,30.7198,50.5135,129.0,0.0,1,1.0
2026-06-24 11:50:38,30.7412,50.251,129.0,0.0,1,0.98
2026-06-24 11:50:54,30.7626,50.1534,126.0,0.0,1,1.0
2026-06-24 11:51:09,30.7626,50.2388,129.0,0.0,1,1.0
2026-06-24 11:51:24,30.7626,50.4219,129.0,0.0,1,0.99
2026-06-24 11:51:39,30.8053,50.0862,129.0,0.0,1,0.99
2026-06-24 11:51:55,30.8373,49.8299,129.0,0.0,1,0.99
2026-06-24 11:52:09,30.848,49.2256,129.0,0.0,1,1.0
2026-06-24 11:52:25,30.8694,48.9693,129.0,0.0,1,0.99
2026-06-24 11:52:41,30.8694,49.2683,129.0,1.0,1,1.0
2026-06-24 11:52:56,30.8907,49.5064,126.0,0.0,1,1.0
2026-06-24 11:53:11,30.9228,47.9072,126.0,0.0,1,1.0
2026-06-24 11:53:26,30.9228,47.779,126.0,0.0,1,1.0
2026-06-24 11:53:41,30.9442,47.9316,126.0,0.0,1,1.0
2026-06-24 11:53:57,30.9655,49.1218,129.0,0.0,1,1.0
2026-06-24 11:54:12,30.9655,49.0059,126.0,0.0,1,0.98
2026-06-24 11:54:27,30.9655,48.8838,126.0,0.0,1,0.98
2026-06-24 11:54:42,30.9762,48.6519,126.0,0.0,1,0.98
2026-06-24 11:54:58,30.9762,49.2317,126.0,1.0,1,1.0
2026-06-24 11:55:13,30.9762,49.3172,126.0,0.0,1,1.0
2026-06-24 11:55:29,31.0082,48.7434,126.0,0.0,1,1.0
2026-06-24 11:55:44,31.0189,48.7068,126.0,0.0,1,0.98
2026-06-24 11:56:00,31.0296,48.8228,129.0,0.0,1,1.0
2026-06-24 11:56:15,31.0189,48.6458,126.0,0.0,1,0.96
2026-06-24 11:56:31,31.0082,48.9143,129.0,0.0,1,1.0
2026-06-24 11:56:46,31.0189,48.9448,129.0,0.0,1,1.0
2026-06-24 11:57:02,31.0082,48.5542,126.0,0.0,1,0.95
2026-06-24 11:57:17,31.0189,47.5105,126.0,0.0,1,1.0
2026-06-24 11:57:32,31.0296,47.4006,126.0,0.0,1,1.0
2026-06-24 11:57:47,31.051,47.7485,126.0,0.0,1,1.0
2026-06-24 11:58:02,31.051,48.1086,126.0,0.0,1,1.0
2026-06-24 11:58:17,31.083,47.8401,126.0,0.0,1,0.98
2026-06-24 11:58:32,31.0616,47.1321,126.0,0.0,1,0.94
2026-06-24 11:58:47,31.083,47.5166,126.0,0.0,1,1.0
2026-06-24 11:59:03,31.1044,47.4556,129.0,0.0,1,1.0
2026-06-24 11:59:18,31.1044,47.5227,129.0,0.0,1,1.0
2026-06-24 11:59:34,31.1044,47.8889,129.0,0.0,1,1.0
2026-06-24 11:59:49,31.1151,48.0659,129.0,1.0,1,1.0
2026-06-24 12:00:36,31.1044,47.6326,129.0,0.0,1,0.71
2026-06-24 12:00:51,31.1044,47.6204,126.0,0.0,1,0.75
2026-06-24 12:01:07,31.1151,47.4739,126.0,0.0,1,0.76
2026-06-24 12:01:23,31.0937,48.0781,129.0,0.0,1,0.85
2026-06-24 12:01:38,31.083,48.3528,129.0,0.0,1,0.85
2026-06-24 12:01:54,31.083,48.7495,129.0,0.0,1,0.85
2026-06-24 12:02:09,31.1044,48.2979,129.0,0.0,1,0.75
2026-06-24 12:02:24,31.0937,48.2002,129.0,0.0,1,0.71
2026-06-24 12:02:39,31.0937,48.7556,129.0,0.0,1,0.85
2026-06-24 12:02:54,31.1044,48.5542,129.0,0.0,1,0.75
2026-06-24 12:03:10,31.1044,48.6091,129.0,0.0,1,0.75
2026-06-24 12:03:25,31.1044,48.6702,129.0,0.0,1,0.75
2026-06-24 12:03:40,31.1151,49.0913,129.0,0.0,1,0.85
2026-06-24 12:03:55,31.1044,48.6702,129.0,0.0,1,0.74
2026-06-24 12:04:10,31.1151,48.5847,129.0,0.0,1,0.72
2026-06-24 12:04:25,31.1364,48.835,129.0,0.0,1,0.85
2026-06-24 12:04:40,31.0937,48.9632,129.0,0.0,1,0.59
2026-06-24 12:04:55,31.1151,48.9815,129.0,0.0,1,0.74
2026-06-24 12:05:10,31.1044,48.8777,129.0,0.0,1,0.67
2026-06-24 12:05:24,31.1364,48.9937,129.0,0.0,1,0.69
2026-06-24 12:05:40,31.1044,48.9754,129.0,0.0,1,0.56
2026-06-24 12:05:55,31.0937,49.0486,129.0,1.0,1,0.75
2026-06-24 12:06:10,31.1044,48.9876,129.0,0.0,1,0.75
2026-06-24 12:06:25,31.1151,49.2744,129.0,0.0,1,0.85
2026-06-24 12:06:41,31.1364,49.189,129.0,0.0,1,0.71
2026-06-24 12:06:56,31.1471,49.3416,132.0,1.0,1,0.81
2026-06-24 12:07:11,31.1471,49.2805,129.0,0.0,1,0.75
2026-06-24 12:07:26,31.1364,48.9326,129.0,0.0,1,0.71
2026-06-24 12:07:52,31.1364,49.0913,129.0,0.0,1,0.81
2026-06-24 12:08:01,31.1151,49.3965,129.0,1.0,1,0.84
2026-06-24 12:08:13,31.1578,49.3172,129.0,0.0,1,0.74
2026-06-24 12:08:30,31.1791,50.4707,129.0,0.0,1,0.85
2026-06-24 12:08:43,31.2219,49.4514,129.0,0.0,1,0.77
2026-06-24 12:08:59,31.2005,49.3355,129.0,1.0,1,0.72
2026-06-24 12:09:14,31.2325,49.3416,129.0,1.0,1,0.75
2026-06-24 12:09:29,31.2646,49.4514,129.0,0.0,1,0.76
2026-06-24 12:09:45,31.2753,49.543,129.0,0.0,1,0.75
2026-06-24 12:10:00,31.3073,49.4636,129.0,0.0,1,0.74
2026-06-24 12:10:15,31.2753,49.5796,129.0,0.0,1,0.67
2026-06-24 12:10:30,31.2646,49.7993,129.0,0.0,1,0.84
2026-06-24 12:10:44,31.3073,49.7078,129.0,0.0,1,0.75
2026-06-24 12:10:59,31.3073,49.7688,129.0,0.0,1,0.75
2026-06-24 12:11:15,31.286,49.7566,129.0,0.0,1,0.73
2026-06-24 12:11:30,31.3073,49.6101,129.0,0.0,1,0.75
2026-06-24 12:11:45,31.3073,49.6712,129.0,0.0,1,0.75
2026-06-24 12:12:00,31.3287,49.6162,129.0,0.0,1,0.75
2026-06-24 12:12:15,31.35,49.7017,129.0,0.0,1,0.76
2026-06-24 12:12:30,31.3073,49.8054,129.0,0.0,1,0.6
2026-06-24 12:12:45,31.3073,49.9641,129.0,0.0,1,0.81
2026-06-24 12:13:01,31.318,50.3304,129.0,0.0,1,0.85
2026-06-24 12:13:16,31.3073,50.1534,129.0,0.0,1,0.72
2026-06-24 12:13:31,31.318,50.1411,129.0,0.0,1,0.75
2026-06-24 12:13:47,31.318,50.2754,129.0,0.0,1,0.76
2026-06-24 12:14:02,31.318,50.5379,129.0,0.0,1,0.85
2026-06-24 12:14:17,31.318,50.5623,129.0,1.0,1,0.74
2026-06-24 12:14:32,31.3073,50.5379,129.0,0.0,1,0.74
2026-06-24 12:14:47,31.318,50.5623,129.0,0.0,1,0.74
2026-06-24 12:15:03,31.2753,50.6416,129.0,0.0,1,0.6
2026-06-24 12:15:18,31.318,50.66,129.0,0.0,1,0.74
2026-06-24 12:15:33,31.3073,50.7698,129.0,0.0,1,0.74
2026-06-24 12:15:48,31.318,50.8064,129.0,0.0,1,0.75
2026-06-24 12:16:03,31.3073,50.8431,129.0,0.0,1,0.73
2026-06-24 12:16:19,31.286,50.9163,129.0,0.0,1,0.73
2026-06-24 12:16:34,31.3073,50.7698,129.0,0.0,1,0.75
2026-06-24 12:16:49,31.2753,50.8186,129.0,0.0,1,0.67
2026-06-24 12:17:04,31.2753,50.8797,129.0,0.0,1,0.75
2026-06-24 12:17:20,31.2753,51.014,129.0,1.0,1,0.76
2026-06-24 12:17:35,31.286,51.8196,129.0,0.0,1,0.85
2026-06-24 12:17:50,31.3073,51.368,129.0,1.0,1,0.75
2026-06-24 12:18:05,31.286,51.2276,129.0,1.0,1,0.73
2026-06-24 12:18:21,31.3073,51.3008,129.0,0.0,1,0.76
2026-06-24 14:28:47,28.6156,56.0616,129.0,0.0,1,0.91
2026-06-24 14:29:02,28.6477,55.8969,129.0,0.0,1,0.97
2026-06-24 14:29:16,28.7438,55.787,129.0,0.0,1,0.97
2026-06-24 14:29:31,28.8399,55.6222,129.0,0.0,1,0.95
2026-06-24 14:29:46,28.904,55.5428,129.0,0.0,1,0.97
2026-06-24 14:30:01,28.9895,55.3475,129.0,0.0,1,0.95
2026-06-24 14:30:16,29.0536,55.1766,129.0,0.0,1,0.95
2026-06-24 14:30:31,29.139,55.0057,129.0,0.0,1,0.95
2026-06-24 14:30:46,29.2351,54.8898,129.0,0.0,1,0.97
2026-06-24 14:31:00,29.2672,54.609,129.0,0.0,1,0.96
2026-06-24 14:31:15,29.3633,54.4381,129.0,0.0,1,0.95
2026-06-24 14:31:30,29.4274,54.1756,129.0,0.0,1,0.94
2026-06-24 14:31:45,29.4808,53.9132,129.0,0.0,1,0.93
2026-06-24 14:32:01,29.5663,54.255,129.0,1.0,1,0.99
2026-06-24 14:32:18,29.6944,55.5367,129.0,0.0,1,0.99
2026-06-24 14:32:35,29.8226,55.9091,129.0,1.0,1,1.0
2026-06-24 14:32:46,29.876,55.3964,129.0,0.0,1,0.98
2026-06-24 14:33:01,29.9615,54.8287,129.0,0.0,1,0.98
2026-06-24 14:33:16,30.0469,54.2489,129.0,0.0,1,0.98
2026-06-24 14:33:31,30.0896,53.8094,129.0,0.0,1,0.99
2026-06-24 14:33:46,30.1324,53.3944,129.0,0.0,1,0.98
2026-06-24 14:34:02,30.1965,53.1441,129.0,0.0,1,0.98
2026-06-24 14:34:16,30.2606,52.8756,129.0,0.0,1,0.97
2026-06-24 14:34:31,30.3246,52.607,129.0,0.0,1,0.98
2026-06-24 14:34:45,30.3674,52.3507,129.0,0.0,1,0.97
2026-06-24 14:35:00,30.4101,52.137,129.0,0.0,1,0.98
2026-06-24 14:35:16,30.4849,52.0089,129.0,0.0,1,0.98
2026-06-24 14:35:31,30.5169,51.8196,129.0,0.0,1,0.98
2026-06-24 14:35:46,30.5703,51.6548,129.0,0.0,1,0.97
2026-06-24 14:36:01,30.6237,51.5023,129.0,0.0,1,0.97
2026-06-24 14:36:16,30.6558,51.3436,129.0,0.0,1,0.98
2026-06-24 14:36:31,30.7198,51.1482,129.0,0.0,1,0.98
2026-06-24 14:36:47,30.7946,51.1543,129.0,0.0,1,1.0
2026-06-24 14:37:02,30.8267,50.9773,129.0,0.0,1,0.98
2026-06-24 14:37:17,30.8801,50.8247,129.0,0.0,1,0.97
2026-06-24 14:37:32,30.9335,50.5867,129.0,0.0,1,0.97
2026-06-24 14:37:47,30.9655,50.3914,129.0,0.0,1,0.98
2026-06-24 14:38:02,31.0082,50.251,129.0,0.0,1,0.97
2026-06-24 14:38:17,31.051,50.0313,129.0,0.0,1,0.97
2026-06-24 14:38:32,31.1044,49.8665,129.0,0.0,1,0.97
2026-06-24 14:38:48,31.1471,49.7749,129.0,0.0,1,0.99
2026-06-24 14:39:02,31.1898,49.7566,129.0,0.0,1,1.0
2026-06-24 14:39:17,31.2219,49.6101,129.0,0.0,1,0.98
2026-06-24 14:39:32,31.2753,49.5186,129.0,0.0,1,0.97
2026-06-24 14:39:47,31.318,49.4392,129.0,0.0,1,0.98
2026-06-24 14:40:02,31.35,49.2805,129.0,0.0,1,0.98
2026-06-24 14:40:16,31.3821,49.2012,129.0,0.0,1,0.99
2026-06-24 14:40:31,31.4141,49.1279,129.0,0.0,1,1.0
2026-06-24 14:40:46,31.4462,48.9876,129.0,0.0,1,0.97
2026-06-24 14:41:01,31.5103,48.8838,129.0,0.0,1,0.98
2026-06-24 14:41:16,31.5423,48.7739,129.0,0.0,1,0.99
2026-06-24 14:41:30,31.5743,48.7068,129.0,0.0,1,1.0
2026-06-24 14:41:45,31.5957,48.658,129.0,0.0,1,0.99
2026-06-24 14:42:00,31.6598,48.5176,129.0,0.0,1,0.97
2026-06-24 14:42:15,31.6812,48.3894,129.0,0.0,1,0.97
2026-06-24 14:42:30,31.7025,48.2551,129.0,0.0,1,0.96
2026-06-24 14:42:45,31.7452,48.1331,129.0,0.0,1,0.98
2026-06-24 14:43:00,31.7987,48.1941,129.0,0.0,1,0.97
2026-06-24 14:43:15,31.8093,48.1453,129.0,0.0,1,1.0
2026-06-24 14:43:30,31.8307,48.0232,129.0,0.0,1,0.98
2026-06-24 14:43:45,31.8841,48.0171,129.0,0.0,1,0.97
2026-06-24 14:44:00,31.9055,47.895,129.0,0.0,1,0.98
2026-06-24 14:44:15,31.9696,47.6936,129.0,0.0,1,0.95
2026-06-24 14:44:30,31.9909,47.6875,129.0,0.0,1,0.99
2026-06-24 14:44:45,32.055,47.7058,129.0,0.0,1,0.97
2026-06-24 14:45:00,32.055,47.5837,129.0,0.0,1,1.0
2026-06-24 14:45:15,32.0764,47.4983,129.0,0.0,1,1.0
2026-06-24 14:45:30,32.1191,47.364,129.0,0.0,1,0.98
2026-06-24 14:45:45,32.1405,47.2969,129.0,0.0,1,1.0
2026-06-24 14:45:59,32.1832,47.3396,129.0,0.0,1,0.98
2026-06-24 14:46:14,32.2045,47.2786,129.0,0.0,1,0.99
2026-06-24 14:46:29,32.2366,47.1443,129.0,0.0,1,0.99
2026-06-24 14:46:44,32.2473,47.1199,129.0,0.0,1,0.98
2026-06-24 14:46:59,32.29,46.9917,129.0,0.0,1,0.98
2026-06-24 14:47:14,32.322,46.9978,129.0,0.0,1,0.99
2026-06-24 14:47:29,32.3648,46.8391,129.0,0.0,1,0.93
2026-06-24 14:47:43,32.3755,46.7659,129.0,0.0,1,0.99
2026-06-24 14:47:59,32.4075,46.7353,129.0,0.0,1,1.0
2026-06-24 14:48:13,32.4182,46.6865,129.0,0.0,1,0.99
2026-06-24 14:48:28,32.4289,46.5888,129.0,0.0,1,1.0
2026-06-24 14:48:43,32.5036,46.5461,129.0,0.0,1,0.96
2026-06-24 14:48:58,32.5357,46.5156,129.0,0.0,1,1.0
2026-06-24 14:49:13,32.5463,46.3935,129.0,0.0,1,1.0
2026-06-24 14:49:28,32.5784,46.2348,129.0,0.0,1,0.97
2026-06-24 14:49:43,32.557,46.2287,129.0,0.0,1,0.98
2026-06-24 14:49:58,32.6211,46.186,129.0,0.0,1,0.96
2026-06-24 14:50:12,32.6425,46.1311,129.0,0.0,1,0.99
2026-06-24 14:50:27,32.6638,46.0822,129.0,0.0,1,0.98
2026-06-24 14:50:42,32.6852,45.8869,129.0,0.0,1,0.97
2026-06-24 14:50:57,32.7066,45.8869,129.0,0.0,1,0.99
2026-06-24 14:51:12,32.7172,45.8808,129.0,0.0,1,0.99
2026-06-24 14:51:27,32.7172,45.9174,129.0,0.0,1,1.0
2026-06-24 14:51:41,32.7493,45.8198,129.0,0.0,1,1.0
2026-06-24 14:51:56,32.7707,45.6977,129.0,0.0,1,0.98
2026-06-24 14:52:11,32.792,45.7893,129.0,0.0,1,0.99
2026-06-24 14:52:26,32.8241,45.7465,129.0,0.0,1,1.0
2026-06-24 14:52:41,32.8241,45.6916,129.0,0.0,1,0.99
2026-06-24 14:52:56,32.8668,45.6123,129.0,0.0,1,0.99
2026-06-24 14:53:11,32.8882,45.6245,129.0,0.0,1,0.99
2026-06-24 14:53:26,32.8882,45.4536,129.0,0.0,1,0.98
2026-06-24 14:53:41,32.9095,45.4047,129.0,0.0,1,0.98
2026-06-24 14:53:56,32.9416,45.3498,129.0,0.0,1,0.99
2026-06-24 14:54:10,32.9095,45.3193,129.0,0.0,1,0.96
2026-06-24 14:54:25,32.9629,45.2644,129.0,0.0,1,0.96
2026-06-24 14:54:40,32.9736,45.2522,129.0,0.0,1,0.98
2026-06-24 14:54:55,33.0163,45.1301,129.0,0.0,1,0.97
2026-06-24 14:55:10,33.0163,45.0935,129.0,0.0,1,1.0
2026-06-24 14:55:25,33.0377,44.9836,129.0,0.0,1,1.0
2026-06-24 14:55:40,33.0591,44.9653,129.0,0.0,1,0.99
2026-06-24 14:55:54,33.0591,45.0141,129.0,0.0,1,1.0
2026-06-24 14:56:09,33.0697,44.9531,129.0,0.0,1,1.0
2026-06-24 14:56:24,33.0804,44.9409,129.0,0.0,1,0.98
2026-06-24 14:56:39,33.1018,44.8066,129.0,0.0,1,0.99
2026-06-24 14:56:54,33.0804,44.7456,129.0,0.0,1,0.98
2026-06-24 14:57:09,33.1125,44.831,129.0,0.0,1,1.0
2026-06-24 14:57:24,33.1231,44.7639,129.0,0.0,1,1.0
2026-06-24 14:57:40,33.1552,44.6174,129.0,0.0,1,0.99
2026-06-24 14:57:54,33.1872,44.7333,129.0,0.0,1,0.99
2026-06-24 14:58:09,33.1872,44.6906,129.0,0.0,1,1.0
2026-06-24 14:58:24,33.1979,44.7211,129.0,0.0,1,0.99
2026-06-24 14:58:39,33.2086,44.6723,129.0,0.0,1,0.99
2026-06-24 14:58:54,33.2299,44.6479,129.0,0.0,1,0.98
2026-06-24 14:59:09,33.2513,44.654,132.0,0.0,1,0.99
2026-06-24 14:59:24,33.2513,44.6174,129.0,0.0,1,1.0
2026-06-24 14:59:39,33.2727,44.6052,129.0,0.0,1,0.99
2026-06-24 14:59:55,33.294,44.593,129.0,0.0,1,0.98
2026-06-24 15:00:09,33.3261,44.5624,129.0,0.0,1,1.0
2026-06-24 15:00:24,33.3261,44.4892,129.0,0.0,1,1.0
2026-06-24 15:00:38,33.3261,44.4099,129.0,0.0,1,1.0
2026-06-24 15:00:54,33.3475,44.3549,129.0,0.0,1,1.0
2026-06-24 15:01:08,33.3475,44.3061,129.0,0.0,1,0.99
2026-06-24 15:01:23,33.3475,44.2817,129.0,0.0,1,1.0
2026-06-24 15:01:38,33.3795,44.2573,129.0,0.0,1,0.99
2026-06-24 15:01:53,33.4115,44.2451,129.0,0.0,1,0.99
2026-06-24 15:02:08,33.4115,44.184,129.0,0.0,1,1.0
2026-06-24 15:02:23,33.4222,44.2634,129.0,0.0,1,1.0
2026-06-24 15:02:38,33.4436,44.1291,129.0,0.0,1,0.99
2026-06-24 15:02:53,33.4222,44.1169,129.0,0.0,1,0.98
2026-06-24 15:03:09,33.4543,44.0925,129.0,0.0,1,0.99
2026-06-24 15:03:24,33.4649,44.1047,129.0,0.0,1,1.0
2026-06-24 15:03:39,33.4756,44.0558,129.0,0.0,1,0.98
2026-06-24 15:03:54,33.4649,44.0314,129.0,0.0,1,1.0
2026-06-24 15:04:10,33.4649,44.0314,129.0,0.0,1,1.0
2026-06-24 15:04:25,33.5077,43.9765,129.0,0.0,1,0.95
2026-06-24 15:04:40,33.5183,43.8972,129.0,0.0,1,1.0
2026-06-24 15:04:55,33.5183,43.8727,129.0,0.0,1,1.0
2026-06-24 15:05:10,33.5397,43.8727,132.0,0.0,1,0.99
2026-06-24 15:05:25,33.5397,43.9399,129.0,0.0,1,1.0
2026-06-24 15:05:40,33.5504,43.8605,132.0,0.0,1,1.0
2026-06-24 15:05:55,33.5397,43.8483,129.0,0.0,1,1.0
2026-06-24 15:06:10,33.5397,43.9033,129.0,0.0,1,1.0
2026-06-24 15:06:25,33.5611,43.8361,129.0,0.0,1,1.0
2026-06-24 15:06:40,33.5824,43.7324,129.0,0.0,1,1.0
2026-06-24 15:06:55,33.5931,43.7018,129.0,0.0,1,0.99
2026-06-24 15:07:10,33.5931,43.7018,129.0,0.0,1,1.0
2026-06-24 15:07:25,33.6038,43.7079,129.0,0.0,1,1.0
2026-06-24 15:07:40,33.6358,43.6408,132.0,0.0,1,1.0
2026-06-24 15:07:55,33.6252,43.6835,129.0,0.0,1,1.0
2026-06-24 15:08:10,33.6358,43.6042,129.0,0.0,1,1.0
2026-06-24 15:08:25,33.6679,43.6225,129.0,0.0,1,0.99
2026-06-24 15:08:40,33.6679,43.6347,129.0,0.0,1,1.0
2026-06-24 15:08:55,33.6679,43.537,129.0,0.0,1,1.0
2026-06-24 15:09:10,33.6786,43.5309,129.0,0.0,1,0.99
2026-06-24 15:09:25,33.7106,43.5737,129.0,0.0,1,0.99
2026-06-24 15:09:40,33.7106,43.5187,129.0,0.0,1,1.0
2026-06-24 15:09:55,33.7106,43.5187,129.0,0.0,1,1.0
2026-06-24 15:10:10,33.7213,43.5187,129.0,0.0,1,1.0
2026-06-24 15:10:25,33.7213,43.3967,129.0,0.0,1,1.0
2026-06-24 15:10:40,33.7213,43.3967,129.0,1.0,1,1.0
2026-06-24 15:10:55,33.732,43.4394,129.0,0.0,1,1.0
2026-06-24 15:11:10,33.7427,43.2807,129.0,1.0,1,0.99
2026-06-24 15:11:25,33.7747,43.4028,132.0,0.0,1,1.0
2026-06-24 15:11:41,33.764,43.4272,129.0,0.0,1,0.99
2026-06-24 15:11:56,33.764,43.3478,129.0,1.0,1,0.98
2026-06-24 15:12:17,33.7747,43.5676,132.0,0.0,1,0.99
2026-06-24 15:12:27,33.7854,43.5126,132.0,0.0,1,1.0
2026-06-24 15:12:43,33.7747,43.4699,129.0,0.0,1,0.98
2026-06-24 15:12:58,33.7854,43.4333,129.0,0.0,1,0.99
2026-06-24 15:13:14,33.8067,43.3417,132.0,0.0,1,0.98
2026-06-24 15:13:28,33.8067,43.2746,129.0,0.0,1,1.0
2026-06-24 15:13:44,33.8067,43.3661,129.0,0.0,1,1.0
2026-06-24 15:13:59,33.8067,43.299,129.0,0.0,1,1.0
2026-06-24 15:14:14,33.8174,43.2746,129.0,0.0,1,1.0
2026-06-24 15:14:30,33.8067,43.3539,129.0,0.0,1,0.98
2026-06-24 15:14:45,33.8495,43.3967,129.0,0.0,1,1.0
2026-06-24 15:15:00,33.8602,43.36,129.0,0.0,1,0.99
2026-06-24 15:15:16,33.8495,43.2624,129.0,0.0,1,0.95
2026-06-24 15:15:31,33.8602,43.2258,129.0,0.0,1,0.99
2026-06-24 15:15:46,33.8602,43.2258,129.0,0.0,1,1.0
2026-06-24 15:16:01,33.8815,43.2258,132.0,0.0,1,1.0
2026-06-24 15:16:17,33.8602,43.1342,129.0,0.0,1,0.96
2026-06-24 15:16:32,33.8815,43.1342,129.0,0.0,1,1.0
2026-06-24 15:16:48,33.9242,43.1098,132.0,0.0,1,1.0
2026-06-24 15:17:03,33.8922,43.122,132.0,0.0,1,0.95
2026-06-24 15:17:18,33.9242,43.1098,132.0,1.0,1,1.0
2026-06-24 15:17:34,33.9029,43.0549,132.0,0.0,1,0.98
2026-06-24 15:17:48,33.9563,43.2258,132.0,0.0,1,1.0
2026-06-24 15:18:03,33.9776,43.1952,132.0,0.0,1,1.0
2026-06-24 15:18:19,33.9776,43.1281,132.0,0.0,1,1.0
2026-06-25 05:13:57,31.4035,36.8231,113.0,0.0,1,1.0
2026-06-25 05:14:12,31.4889,37.0062,113.0,0.0,1,1.0
2026-06-25 05:14:27,31.5637,36.6644,113.0,0.0,1,1.0
2026-06-25 05:14:43,31.6278,36.2982,113.0,1.0,1,1.0
2026-06-25 05:14:58,31.7132,36.5057,113.0,0.0,1,1.0
2026-06-25 05:15:14,31.8093,36.6766,113.0,0.0,1,1.0
2026-06-25 05:15:29,31.8948,35.9075,113.0,1.0,1,1.0
